include	disk_filename	view	direction	form	preparation	fig_label	caption	note
Y	btbd11b_magenta_2d_emb2_260130_mIX_ventral_(RGB)_with lines.tif	ventral	anterior to the top	confocal single section	whole mount	btbd11b_magenta_2d_emb2_260130_mIX_ventral_(RGB)_with lines	btbd11b HCR (magenta) and Tg(isl1:GFP-CAAX) (green) at 48 hpf in glossopharyngeal motor neurons (CN IX)  (arrows). Circle: facial motor nucleus (CN VII). Single z-section in ventral view with anterior to the top.	auto-map r=0.91
Y	calca_magenta_48h_20250917_emb4_mX_ventral_(RGB).tif	ventral	anterior to the top	confocal single section	whole mount	calca_magenta_48h_20250917_emb4_mX_ventral_(RGB)	calca HCR (magenta) and Tg(isl1:GFP-CAAX) (green) at 48 hpf in vagus motor neurons (CN X). Single z-section in ventral view with anterior to the top.	exact
Y	calca_magenta_3dpf_20241105_emb1_ventral_mX_(RGB).tif	ventral	anterior to the top	confocal single section	whole mount	calca_magenta_3dpf_20241105_emb1_ventral_mX_(RGB)	calca HCR (magenta) and Tg(isl1:GFP-CAAX) (green) at 3 dpf in vagus motor neurons (CN X). Single z-section in ventral view with anterior to the top.	exact
Y	calca_magenta_3dpf_20241105_emb5_lateral_vagus_(RGB).tif	lateral	anterior to the top	confocal single section	whole mount	calca_magenta_3dpf_20241105_emb5_lateral_vagus_(RGB)	calca HCR (magenta) and Tg(isl1:GFP-CAAX) (green) at 3 dpf in vagal motor neurons (CN X). Single z-section in lateral view with anterior to the left.	exact
Y	calca_magenta_6dpf_emb1_20251031_mX_dorsal_flipped_(RGB).tif	ventral	anterior to the top	confocal single section	whole mount	calca_magenta_6dpf_emb1_20251031_mX_dorsal_flipped_(RGB)	calca HCR (magenta) and Tg(isl1:GFP-CAAX) (green) at 6 dpf in vagus motor neurons (CN X). Single z-section with ventral view with anterior to the top.	exact
Y	cdh5_48h_20250328__emb1_mIII_mIV_single(RGB).tif	ventral	anterior to the top	confocal single section	whole mount	cdh5_48h_20250328__emb1_mIII_mIV_single(RGB)	cdh5 HCR (magenta) and Tg(isl1:GFP-CAAX) (green) at 48 hpf in oculomotor motor neurons (CN III) (bracket). Single z-section in ventral view with anterior to the top. Arrows indicate trochlear motor neurons (CN IV) and asterisks indicate cdh5 expression in endothelial cells.	exact
Y	cdh5_magenta_3dpf_emb3_20251117_mIII_ventral_(RGB)(1).tif	ventral	anterior to the top	confocal single section	whole mount	cdh5_magenta_3dpf_emb3_20251117_mIII_ventral_(RGB)(1)	cdh5 HCR (magenta) and Tg(isl1:GFP-CAAX) (green) at 3 dpf in oculomotor motor neurons (CN III). Single z-section in ventral view with anterior to the top.	auto-map r=0.99
Y	chrna3_magenta_28h_20250115_emb4_ventral_mVII_(RGB).tif	ventral	anterior to the top	confocal single section	whole mount	chrna3_magenta_28h_20250115_emb4_ventral_mVII_(RGB)	chrna3 HCR (magenta) and Tg(isl1:GFP-CAAX) (green) at 28 hpf in facial motor neurons (CN VII) that have migrated to hindbrain rhombomere (r)7 (arrows). Single z-section in ventral view with anterior to the top.	exact
Y	chrna3_magenta_48h_emb5_251209_mVII r7_ventral_PMT Light_(RGB).tif	ventral	anterior to the top	confocal single section	whole mount	chrna3_magenta_48h_emb5_251209_mVII r7_ventral_PMT Light_(RGB)	chrna3 HCR (magenta) and Tg(isl1:GFP-CAAX) (green) at 48 hpf in facial motor neurons (CN VII) in hindbrain rhombomeres (r)6 and r7. Single z-section in ventral view with anterior to the top.	exact
Y	chrna3_magenta_3dpf_20250930_emb2_mVII r7_ventral_(RGB).tif	ventral	anterior to the top	confocal single section	whole mount	chrna3_magenta_3dpf_20250930_emb2_mVII r7_ventral_(RGB)	chrna3 HCR (magenta) and Tg(isl1:GFP-CAAX) (green) at 3 dpf in facial motor neurons (CN VII) in hindbrain rhombomeres (r)6 and r7. Single z-section in ventral view with anterior to the top.	exact
Y	chrna3_magenta_6dpf_20250206_emb4_ventral_mVII r6_(RGB).tif	ventral	anterior to the top	confocal single section	whole mount	chrna3_magenta_6dpf_20250206_emb4_ventral_mVII r6_(RGB)	chrna3 HCR (magenta) and Tg(isl1:GFP-CAAX) (green) at 6 dpf in facial motor neurons (CN VII) in hindbrain rhombomeres (r)6 and r7. Single z-section in ventral view with anterior to the top. Circled: vagus motor neurons (CN X).	exact
Y	MAX_cntn2_28h_20250910_emb3_mV_ventral_(RGB).tif	ventral	anterior to the top	confocal maximum intensity projection	whole mount	MAX_cntn2_28h_20250910_emb3_mV_ventral_(RGB)	cntn2 HCR (magenta) and Tg(isl1:GFP-CAAX) (green) at 28 hpf in trigeminal motor neurons (CN V) in hindbrain rhombomere (r)3 and a subset of medial trigeminal motor neurons in r2.  Maximum intensity projection in ventral view with anterior to the top.	exact
Y	MAX_20251210_cntn2_26h_isl1Kaede_prim6_cbm_emb3_mVII.tif (RGB)-1.tif	ventral	anterior to the top	confocal maximum intensity projection	whole mount	MAX_20251210_cntn2_26h_isl1Kaede_prim6_cbm_emb3_mVII.tif (RGB)-1	cntn2 HCR (magenta) and Tg(isl1:GFP-CAAX) (green) at 26 hpf in migrating facial motor neurons (CN VII) in rhombomere (r)6 and r7. Maximum intensity projection in ventral view with anterior to the top. Asterisks: trigeminal motor neurons (mV) in r3; arrows: cranial sensory ganglia in the head periphery.	auto-map r=0.96
Y	cntn2_magenta_48h_20250815_emb5_mIV_ventral_(RGB).tif	ventral	anterior to the top	confocal single section	whole mount	cntn2_magenta_48h_20250815_emb5_mIV_ventral_(RGB)	cntn2 HCR (magenta) and Tg(isl1:GFP-CAAX) (green) at 48 hpf in trochlear motor neurons (CN IV, arrows). Bracket indicates oculomotor neurons (CN III). Single z-section in ventral view with anterior to the top.	exact
Y	cntn2_mangenta_48h_20250815_emb5_mV r3_ventral_(RGB).tif	ventral	anterior to the top	confocal single section	whole mount	cntn2_mangenta_48h_20250815_emb5_mV r3_ventral_(RGB)	cntn2 HCR (magenta) and Tg(isl1:GFP-CAAX) (green) at 48 hpf in trigeminal motor neurons (CN V) in hindbrain rhombomere (r)3 but not r2. Single z-section in ventral view with anterior to the top. Arrow: facial motor nerve genu (CN VII)	exact
N		ventral	anterior to the top	confocal single section	whole mount	cntn2_magenta_48h_20250815_emb2_mVII r6_ventral_(RGB)	cntn2 HCR (magenta) and Tg(isl1:GFP-CAAX) (green) at 48 hpf in facial motor neurons (CN VII) in hindbrain rhombomere (r)6 and r7. Single z-section in ventral view with anterior to the top.	SUPERSEDED - curator confirmed the disk image; loaded via the appended row for cntn2_magenta_48h_20250815_emb4_mVII r7_ventral_(RGB)
Y	cntn2_magenta_48hpf_emb2_20260114_mX_ventral_(RGB).tif	ventral	anterior to the top	confocal single section	whole mount	cntn2_magenta_48hpf_emb2_20260114_mX_ventral_(RGB)	cntn2 HCR (magenta) and Tg(isl1:GFP-CAAX) (green) at 48 hpf in vagus motor neurons (CN X). Single z-section in ventral view with anterior to the top.	exact
N		ventral	anterior to the top	confocal single section	whole mount	mnx2b_red_cntn2_magenta_48hpf_emb2_260114_mVI r5 and r6_ventral_(RGB)	cntn2 HCR (magenta), mnx2b (red), and Tg(isl1:GFP-CAAX) (green) at 48 hpf. Mnx2 is expressed in abducens motor neurons in hindbrain rhombomeres (r)5 and 6 (CN VI, arrows). Cntn2 is expressed in a subset of facial motor neurons in r6 (CN VII). Single z-section in ventral view with anterior to the top. Ovals: vagus motor neurons (CN X).	SUPERSEDED - resolved 2026-08-11 and loaded via the appended row at the end of this file (stem mnx2b_cyan_cntn2_magenta_48hpf_emb2_260114_mVII_mVI_ventral_annotated_(RGB)). Kept as the record of the original sheet row.
Y	cntn2_magenta_3dpf_20250108_emb4_ventral_mV r3_(RGB).tif	ventral	anterior to the top	confocal single section	whole mount	cntn2_magenta_3dpf_20250108_emb4_ventral_mV r3_(RGB)	cntn2 HCR (magenta) and Tg(isl1:GFP-CAAX) (green) at 3 dpf in trigeminal motor neurons (CN V) in hindbrain rhombomere (r)3 but not r2. Single z-section in ventral view with anterior to the top. Arrows: genu of the facial nerve (CN VII).	exact
N		ventral	anterior to the top	confocal single section	whole mount	mnx2b_cyan_cntn2_magenta_3dpf_251219_emb1_mVI_mVII_ventral_(RGB)	cntn2 HCR (magenta), mnx2b (cyan) and Tg(isl1:GFP-CAAX) (green) at 3 dpf in facial (CN VII) and abducens (CN VI; arrows) motor neurons in hindbrain rhombomeres (r)5 and r6. Mnx2 marks CN VI motor neurons, some of which also express cntn2 at this stage. Cntn2 is also expressed strongly in a subset of CNVII neurons. Single z-section in ventral view with anterior to the top. Ovals: vagus motor neurons (CN X).	SUPERSEDED - resolved 2026-08-11 and loaded via the appended row at the end of this file (stem mnx2b_cyan_cntn2_magenta_3dpf_emb1_251219_mVII_mVI_ventral_annotated_(RGB)). Kept as the record of the original sheet row.
Y	cntn2_magenta_3dpf_20241011_emb1_ventral_mX_(RGB).tif	ventral	anterior to the top	confocal single section	whole mount	cntn2_magenta_3dpf_20241011_emb1_ventral_mX_(RGB)	cntn2 HCR (magenta) and Tg(isl1:GFP-CAAX) (green) at 3 dpf in vagus motor neurons (CN X). Single z-section in ventral view with anterior to the top.	exact
Y	cntn2_magenta_6dpf_emb3_20251219_mV r3_ventral_(RGB).tif	ventral	anterior to the top	confocal single section	whole mount	cntn2_magenta_6dpf_emb3_20251219_mV r3_ventral_(RGB)	cntn2 HCR (magenta) and Tg(isl1:GFP-CAAX) (green) at 6 dpf in trigeminal motor neurons (CN V) in hindbrain rhombomere (r)3 but not r2. Single z-section in ventral view with anterior to the top. Arrows: genu of the facial nerve (CN VII).	exact
Y	cntn2_magenta_6dpf_emb2_20251219_mVII r6_ventral_(RGB).tif	ventral	anterior to the top	confocal single section	whole mount	cntn2_magenta_6dpf_emb2_20251219_mVII r6_ventral_(RGB)	cntn2 HCR (magenta) and Tg(isl1:GFP-CAAX) (green) at 6 dpf in facial motor neurons (CN VII) in hindbrain rhombomere (r)6. Single z-section in ventral view with anterior to the top.	exact
Y	dgkaa_magenta_48hpf_20251010_emb4_mX_lateral_(RGB).tif	lateral	anterior to the left	confocal single section	whole mount	dgkaa_magenta_48hpf_20251010_emb4_mX_lateral_(RGB)	dgkaa HCR (magenta) and Tg(isl1:GFP-CAAX) (green) at 3 dpf in vagus motor neurons (CN X). Single z-section in lateral view with anterior to the left.	exact
Y	dgkaa_magenta_3dpf_20240923_emb2_dorsal_mX_(RGB).tif	ventral	anterior to the top	confocal single section	whole mount	dgkaa_magenta_3dpf_20240923_emb2_dorsal_mX_(RGB)	dgkaa HCR (magenta) and Tg(isl1:GFP-CAAX) (green) at 3 dpf in vagus motor neurons (CN X). Single z-section in ventral view with anterior to the top.	exact
Y	dgkaa_magenta_3dpf_20251009_emb4_mX_lateral_(RGB).tif	lateral	anterior to the left	confocal single section	whole mount	dgkaa_magenta_3dpf_20251009_emb4_mX_lateral_(RGB)	dgkaa HCR (magenta) and Tg(isl1:GFP-CAAX) (green) at 3 dpf in vagus motor neurons (CN X). Single z-section in lateral view with anterior to the left.	exact
Y	MAX_crabp1b_48h_20250502__emb1_mIX.tif (RGB)-1.tif	lateral	anterior to the left	confocal maximum intensity projection	whole mount	MAX_crabp1b_48h_20250502__emb1_mIX.tif (RGB)-1	crabp1b HCR (magenta) and Tg(isl1:GFP-CAAX) (green) at 48 hpf in anterior vagus (CN X) and glossopharyngeal (CN IX) motor neurons (circled). Maximum intensity projection in lateral view with anterior to the left. Arrow indicates the root of the vagus nerve after it exits the hindbrain.	exact
N		ventral	anterior to the top	confocal single section	whole mount	crabp1b_magenta_3dpf_20240920_emb2_maybe mIX_(RGB)	crabp1b HCR (magenta) and Tg(isl1:GFP-CAAX) (green) at 3 dpf in glossopharyngeal (CN IX) and/or anterior-most vagus (CN X) motor neurons (arrows). Single z-section in ventral view with anterior to the top.	SUPERSEDED - curator supplied the image 2026-08-10; loaded via the appended row for crabp1b_magenta_3dpf_20240920_emb3_ventral_mIX_(RGB)
Y	efna2b_magenta_48h_20250623_emb4_mX_ventral_(RGB).tif	ventral	anterior to the top	confocal single section	whole mount	efna2b_magenta_48h_20250623_emb4_mX_ventral_(RGB)	efna2b HCR (magenta) and Tg(isl1:GFP-CAAX) (green) at 48 hpf in vagus motor neurons (CN X). Single z-section in ventral view with anterior to the top.	exact
Y	efna2b_48h_20250623_emb1_mX_lateral_(RGB).tif	lateral	anterior to the left	confocal single section	whole mount	efna2b_48h_20250623_emb1_mX_lateral_(RGB)	efna2b HCR (magenta) and Tg(isl1:GFP-CAAX) (green) at 48 hpf in vagus motor neurons (CN X). Single z-section in lateral view with anterior to the left.	exact
Y	efna2b_magenta_3dpf_20250527_emb4_mX_ventral_(RGB).tif	ventral	anterior to the top	confocal single section	whole mount	efna2b_magenta_3dpf_20250527_emb4_mX_ventral_(RGB)	efna2b HCR (magenta) and Tg(isl1:GFP-CAAX) (green) at 3 dpf in vagus motor neurons (CN X). Single z-section in ventral view with anterior to the top.	exact
Y	efna2b_magenta_3dpf_20250527_emb5_mX_lateral_(RGB).tif	lateral	anterior to the left	confocal single section	whole mount	efna2b_magenta_3dpf_20250527_emb5_mX_lateral_(RGB)	efna2b HCR (magenta) and Tg(isl1:GFP-CAAX) (green) at 3 dpf in vagus motor neurons (CN X). Single z-section in lateral view with anterior to the left.	exact
Y	efna2b_magenta_6d_20250618_emb4_mX_ventral_(RGB).tif	ventral	anterior to the top	confocal single section	whole mount	efna2b_magenta_6d_20250618_emb4_mX_ventral_(RGB)	efna2b HCR (magenta) and Tg(isl1:GFP-CAAX) (green) at 6 dpf in vagus motor neurons (CN X). Single z-section in ventral view with anterior to the top.	exact
Y	erfl1_magenta_48h_20250620_emb2_lateral_mX_mIX_(RGB).tif	ventral	anterior to the top	confocal single section	whole mount	erfl1_magenta_48h_20250620_emb2_lateral_mX_mIX_(RGB)	erfl1 HCR (magenta) and Tg(isl1: GFP-CAAX) (green) at 48 hpf in glossopharyngeal(CN IX) and vagus motor neurons (CN X). Single z-section in ventral view with anterior to the top.	exact
Y	esrrga_magenta_48h_251119_emb2_faint mIII_ventral_(RGB).tif	ventral	anterior to the top	confocal single section	whole mount	esrrga_magenta_48h_251119_emb2_faint mIII_ventral_(RGB)	esrrga HCR (magenta) and Tg(isl1: GFP-CAAX) (green) at 48 hpf in ventral oculomotor (CN III; bracket) and trochlear (CN IV; arrows) motor neurons. Single z-section in ventral view with anterior to the top.	exact
Y	esrrga_magenta_48h_251119_emb3_mIV_ventral_(RGB).tif	ventral	anterior to the top	confocal single section	whole mount	esrrga_magenta_48h_251119_emb3_mIV_ventral_(RGB)	esrrga HCR (magenta) and Tg(isl1: GFP-CAAX) (green) at 48 hpf in dorsal oculomotor (CN III) and trochlear (CN IV) motor neurons. Single z-section in ventral view with anterior to the top.	exact
Y	esrrga_magenta_3dpf_20251006_emb4_faint mIII_ventral_(RGB).tif	ventral	anterior to the top	confocal single section	whole mount	esrrga_magenta_3dpf_20251006_emb4_faint mIII_ventral_(RGB)	esrrga HCR (magenta) and Tg(isl1: GFP-CAAX) (green) at 3 dpf in ventral oculomotormotor (CN III) motor neurons. Single z-section in ventral view with anterior to the top.	exact
Y	esrrga_magenta_3dpf_20251006_emb4_mIV_ventral_(RGB).tif	ventral	anterior to the top	confocal single section	whole mount	esrrga_magenta_3dpf_20251006_emb4_mIV_ventral_(RGB)	esrrga HCR (magenta) and Tg(isl1: GFP-CAAX) (green) at 3 dpf in dorsal oculomotor (CN III) and trochlear (CN IV) motor neurons. Single z-section in ventral view with anterior to the top.	exact
Y	gata2b_magenta_26h_20241119_emb1_ventral_mVII r6_(RGB).tif	ventral	anterior to the top	confocal single section	whole mount	gata2b_magenta_26h_20241119_emb1_ventral_mVII r6_(RGB)	gata2b HCR (magenta) and Tg(isl1:GFP-CAAX) (green) at 26 hpf in migrating facial motor neurons (CN VII) in hindbrain rhombomeres (r)6 and r7. Single z-section in ventral view with anterior to the top.	exact
Y	gata2b_magenta_48hpf_20251029_emb1_mVII r6_PMT light_(RGB).tif	ventral	anterior to the top	confocal single section	whole mount	gata2b_magenta_48hpf_20251029_emb1_mVII r6_PMT light_(RGB)	gata2b HCR (magenta) and Tg(isl1:GFP-CAAX) (green) at 48 hpf in facial motor neurons (CN VII) in hindbrain rhombomeres (r)6 and r7. Single z-section in ventral view with anterior is to the top.	exact
Y	gcgra_magenta_48h_20250423_emb3_lateral_mX_(RGB).tif	lateral	anterior to the left	confocal single section	whole mount	gcgra_magenta_48h_20250423_emb3_lateral_mX_(RGB)	gcgra HCR (magenta) and Tg(isl1:GFP-CAAX) (green) at 48 hpf in a few of the most dorsal vagal motor neurons (CN X). Single z-section in lateral view with anterior is to the left.	auto-map r=1.00
Y	gulp1a_magenta_48h_20250311_emb2_lateral_mX_(RGB).tif	lateral	anterior to the left	confocal single section	whole mount	gulp1a_magenta_48h_20250311_emb2_lateral_mX_(RGB)	gulp1a HCR (magenta) and Tg(isl1:GFP-CAAX) (green) at 48 hpf in the dorsal vagal motor neurons (CN X). Single z-section in lateral view with anterior is to the left.	exact
Y	hoxc6b_48h_20250908_emb4_mX_lateral_single(RGB).tif	lateral	anterior to the left	confocal single section	whole mount	hoxc6b_48h_20250908_emb4_mX_lateral_single(RGB)	hoxc6b HCR (magenta) and Tg(isl1:GFP-CAAX) (green) at 48 hpf in the dorsal vagal motor neurons (CN X). Single z-section in lateral view with anterior is to the left.	exact
Y	hoxc6b_magenta_3dpf_20241209_lateral_vagus_emb3_side1-1_(RGB).tif	lateral	anterior to the left	confocal single section	whole mount	hoxc6b_magenta_3dpf_20241209_lateral_vagus_emb3_side1-1_(RGB)	hoxc6b HCR (magenta) and Tg(isl1:GFP-CAAX) (green) at 3 dpf in the dorsal vagal motor neurons (CN X). Single z-section in lateral view with anterior is to the left.	exact
Y	kcng1_magenta_48hpf_20251030_emb4_mX_ventral_(RGB).tif	ventral	anterior to the top	confocal single section	whole mount	kcng1_magenta_48hpf_20251030_emb4_mX_ventral_(RGB)	kcng1 HCR (magenta) and Tg(isl1:GFP-CAAX) (green) at 48 hpf in vagus motor neurons (CN X). Single z-section in ventral view with anterior to the top.	exact
Y	kcng1_magenta_3dpf_20241004_emb3_lateral_mX_(RGB).tif	lateral	anterior to the left	confocal single section	whole mount	kcng1_magenta_3dpf_20241004_emb3_lateral_mX_(RGB)	kcng1 HCR (magenta) and Tg(isl1:GFP-CAAX) (green) at 3 dpf in vagus motor neurons (CN X). Single z-section in lateral view with anterior to the left.	auto-map r=1.00
Y	otx2a_48hpf_emb6_20251117_mIV_mIII_single.tif (RGB)-1.tif	ventral	anterior to the top	confocal single section	whole mount	otx2a_48hpf_emb6_20251117_mIV_mIII_single.tif (RGB)-1	otx2a HCR (magenta) and Tg(isl1:GFP-CAAX) (green) at 48 hpf in oculomotor motor neurons (CN III) but not trochlear (CN IV) motor neurons. Single z-section in ventral view with anterior to the top.	auto-map r=0.98
Y	otx2a_magenta_3dpf_emb3_20251117_mIII_ventral_(RGB).tif	ventral	anterior to the top	confocal single section	whole mount	otx2a_magenta_3dpf_emb3_20251117_mIII_ventral_(RGB)	otx2a HCR (magenta) and Tg(isl1:GFP-CAAX) (green) at 3 dpf in oculomotor motor neurons (CN III). Single z-section in ventral view with anterior is to the top.	exact
Y	otx2a_magenta_6dpf_20250131_emb2_ventral_mIII_(RGB).tif	ventral	anterior to the top	confocal single section	whole mount	otx2a_magenta_6dpf_20250131_emb2_ventral_mIII_(RGB)	otx2a HCR (magenta) and Tg(isl1:GFP-CAAX) (green) at 6 dpf in oculomotor motor neurons (CN III). Single z-section in ventral view with anterior is to the top.	exact
Y	pax5_magenta_48h_20250507_emb3_mIII_dorsal_(RGB).tif	ventral	anterior to the top	confocal single section	whole mount	pax5_magenta_48h_20250507_emb3_mIII_dorsal_(RGB)	pax5 HCR (magenta) and Tg(isl1:GFP-CAAX) (green) at 48 hpf around oculomotor (CN III) and trochlear (CN IV) motor neurons. Single z-section in ventral view with anterior to the top.	exact
Y	pcdh15b_magenta_28h_emb5_260420_mV r2_ventral_(RGB).tif	ventral	anterior to the top	confocal single section	whole mount	pcdh15b_magenta_28h_emb5_260420_mV r2_ventral_(RGB)	pcdh15b HCR (magenta) and Tg(isl1:GFP-CAAX) (green) at 28 hpf in trigeminal motor neurons (CN V) in hindbrain rhombomere 2. Single z-section in ventral view with anterior is to the top.	exact
Y	pcdh15b_magenta_48h_emb1_260418_mV r2_ventral_PMT Light_(RGB).tif	ventral	anterior to the top	confocal single section	whole mount	pcdh15b_magenta_48h_emb1_260418_mV r2_ventral_PMT Light_(RGB)	pcdh15b HCR (magenta) and Tg(isl1:GFP-CAAX) (green) at 48 hpf in trigeminal motor neurons (CN V) in hindbrain rhombomeres (r)2 and r3. Single z-section in ventral view with anterior to the top.	auto-map r=0.98
Y	plcb3_magenta_48h_20250312_emb3_lateral_mX_(RGB).tif	lateral	anterior to the left	confocal single section	whole mount	plcb3_magenta_48h_20250312_emb3_lateral_mX_(RGB)	plcb3 HCR (magenta) and Tg(isl1:GFP-CAAX) (green) at 48 hpf in dorsal vagus motor neurons (CN X). Single z-section in lateral view with anterior is to the left.	exact
Y	plcb3_magenta_3dpf_20241018_emb1_ventral_mX_(RGB).tif	ventral	anterior to the top	confocal single section	whole mount	plcb3_magenta_3dpf_20241018_emb1_ventral_mX_(RGB)	plcb3 HCR (magenta) and Tg(isl1:GFP-CAAX) (green) at 3 dpf in vagus motor neurons (CN X). Single z-section in ventral view with anterior is to the top.	exact
Y	plcb3_magenta_3dpf_20241018_emb6_lateral_mX_(RGB).tif	lateral	anterior to the left	confocal single section	whole mount	plcb3_magenta_3dpf_20241018_emb6_lateral_mX_(RGB)	plcb3 HCR (magenta) and Tg(isl1:GFP-CAAX) (green) at 3 dpf in vagus motor neurons (CN X). Single z-section in lateral view with anterior is to the left.	exact
N		ventral	anterior to the top	confocal single section	whole mount	ptgir_48hpf_20250930_emb2_mV_ventral_(RGB)	ptgir HCR (magenta) and Tg(isl1:GFP-CAAX) (green) at 48 hpf in trigeminal motor neurons (CN V) in hindbrain rhombomere (r)2 but not r3. Single z-section in ventral view with anterior to the top.	SUPERSEDED - curator confirmed the disk image; loaded via the appended row for ptgir_magenta_48hpf_20250930_emb2_mV r2_ventral_PMT Light_(RGB)
Y	ptgir_magenta_3dpf_20241105_emb4_ventral_mV r2_(RGB).tif	ventral	anterior to the top	confocal single section	whole mount	ptgir_magenta_3dpf_20241105_emb4_ventral_mV r2_(RGB)	ptgir HCR (magenta) and Tg(isl1:GFP-CAAX) (green) at 3 dpf in trigeminal motor neurons (CN V) in hindbrain rhombomere (r)2 but not r3. Single z-section in ventral view with anterior is to the top. Arrows: genu of the facial nerve (CN VII).	exact
Y	ptgir_magenta_6dpf_20241205_emb4_dorsal_mV r2_(RGB).tif	ventral	anterior to the top	confocal single section	whole mount	ptgir_magenta_6dpf_20241205_emb4_dorsal_mV r2_(RGB)	ptgir HCR (magenta) and Tg(isl1:GFP-CAAX) (green) at 6 dpf in trigeminal motor neurons (CN V) in hindbrain rhombomere (r)2 but not r3. Single z-section in ventral view with anterior is to the top.	exact
Y	qrfpr_magenta_26h_20241119_emb1_mV_(RGB).tif	ventral	anterior to the top	confocal single section	whole mount	qrfpr_magenta_26h_20241119_emb1_mV_(RGB)	qrfpr4 HCR (magenta) and Tg(isl1:GFP-CAAX) (green) at 26 hpf iin trigeminal motor neurons (CN V) in hindbrain rhombomere (r)2 but not r3. Single z-section in ventral view with anterior is to the top.	exact
Y	qrfpr4_magenta_48hpf_20251007_emb3_mV r2_ventral_(RGB).tif	ventral	anterior to the top	confocal single section	whole mount	qrfpr4_magenta_48hpf_20251007_emb3_mV r2_ventral_(RGB)	qrfpr4 HCR (magenta) and Tg(isl1:GFP-CAAX) (green) at 48 hpf in trigeminal motor neurons (CN V) in hindbrain rhombomere (r)2 but not r3. Single z-section in ventral view with anterior is to the top.	exact
Y	MAX_qrfpr4_magenta_6dpf_20241126_emb1_ventral_mV r2_(RGB).tif	ventral	anterior to the top	confocal maximum intensity projection	whole mount	MAX_qrfpr4_magenta_6dpf_20241126_emb1_ventral_mV r2_(RGB)	qrfpr4 HCR (magenta) and Tg(isl1:GFP-CAAX) (green) at 6 dpf in trigeminal motor neurons (CN V) in hindbrain rhombomere (r)2 but not r3. Maxiumum intensity projection in ventral view with anterior is to the top.	exact
Y	qrfpr4_magenta_3dpf_20250925_emb1_mV r2_ventral_(RGB).tif	ventral	anterior to the top	confocal single section	whole mount	qrfpr4_magenta_3dpf_20250925_emb1_mV r2_ventral_(RGB)	qrfpr4 HCR (magenta) and Tg(isl1:GFP-CAAX) (green) at 3 dpf in trigeminal motor neurons (CN V) in hindbrain rhombomere (r)2 but not r3. Single z-section in ventral view with anterior is to the top.	exact
Y	sall3a_magenta_28h_20250117_emb3_ventral_faint mX_(RGB).tif	ventral	anterior to the top	confocal single section	whole mount	sall3a_magenta_28h_20250117_emb3_ventral_faint mX_(RGB)	sall3a HCR (magenta) and Tg(isl1:GFP-CAAX) (green) at 28 hpf in vagus motor neurons (CN X). Single z-section in ventral view with anterior is to the top.	exact
Y	sall3a_48h_emb5_260424_mX_lateral_single(RGB).tif	lateral	anterior to the left	confocal single section	whole mount	sall3a_48h_emb5_260424_mX_lateral_single(RGB)	sall3a HCR (magenta) and Tg(isl1:GFP-CAAX) (green) at 48 hpf in vagus motor neurons (CN X). Single z-section in lateral view with anterior is to the left.	exact
Y	MAX_sall3a_magenta_48h_emb4_260424_mX_ventral_(RGB).tif	ventral	anterior to the top	confocal maximum intensity projection	whole mount	MAX_sall3a_magenta_48h_emb4_260424_mX_ventral_(RGB)	sall3a HCR (magenta) and Tg(isl1:GFP-CAAX) (green) at 48 hpf in vagus motor neurons (CN X). Maximum intensity projections in ventral view with anterior is to the top.	exact
Y	sall3a_magenta_3dpf_emb6=emb1_20240823_dorsal_mX_(RGB).tif	ventral	anterior to the top	confocal single section	whole mount	sall3a_magenta_3dpf_emb6=emb1_20240823_dorsal_mX_(RGB)	sall3a HCR (magenta) and Tg(isl1:GFP-CAAX) (green) at 3 dpf in vagus motor neurons (CN X). Single z-section in ventral view with anterior is to the top.	exact
Y	shox2_48h_emb3_260424_mV_single(RGB).tif	ventral	anterior to the top	confocal single section	whole mount	shox2_48h_emb3_260424_mV_single(RGB)	shox2 HCR (magenta) and Tg(isl1:GFP-CAAX) (green) at 48 hpf in trigeminal motor neurons (CN V) in hindbrain rhombomeres (r)3 but not r2. shox2 is also expressed in a medial column throughout the hindbrain. Single z-section in ventral view with anterior to the top. Arrows: genu of the facial nerve (CN VII).	exact
Y	shox2_3dpf_emb3_260427_mV_single(RGB).tif	ventral	anterior to the top	confocal single section	whole mount	shox2_3dpf_emb3_260427_mV_single(RGB)	shox2 HCR (magenta) and Tg(isl1:GFP-CAAX) (green) at 3 dpf in trigeminal motor neurons (CN V) in hindbrain rhombomeres (r)3 but not r2 except for a few medial neurons. Single z-section in ventral view with anterior to the top. Arrows: genu of the facial nerve (CN VII).	exact
Y	sim1a_magenta_48h_emb3_251219_mIIId_ventral_PMT Light_(RGB).tif	ventral	anterior to the top	confocal single section	whole mount	sim1a_magenta_48h_emb3_251219_mIIId_ventral_PMT Light_(RGB)	sim1a HCR (magenta) and Tg(isl1:GFP-CAAX) (green) at 48 hpf in dorsal-lateral oculomotor motor neurons (CN III). Single z-section in ventral view with anterior to the top. IV: trochlear motor neurons	exact
Y	slc10a4_magenta_26h_20241015_emb2_ventral_mX_(RGB).tif	ventral	anterior to the top	confocal single section	whole mount	slc10a4_magenta_26h_20241015_emb2_ventral_mX_(RGB)	slc10a4 HCR (magenta) and Tg(isl1:GFP-CAAX) (green) at 26 hpf in vagus motor neurons (CN X). Single z-section in ventral view with anterior to the top.	exact
Y	slc10a4_magenta_48h_20250912_emb4_mX_ventral_(RGB).tif	ventral	anterior to the top	confocal single section	whole mount	slc10a4_magenta_48h_20250912_emb4_mX_ventral_(RGB)	slc10a4 HCR (magenta) and Tg(isl1:GFP-CAAX) (green) at 48 hpf in vagus motor neurons (CN X). Single z-section in ventral view with anterior to the top.	exact
Y	slc10a4_magenta_48h_20250912_emb5_mX_lateral_(RGB).tif	lateral	anterior to the left	confocal single section	whole mount	slc10a4_magenta_48h_20250912_emb5_mX_lateral_(RGB)	slc10a4 HCR (magenta) and Tg(isl1:GFP-CAAX) (green) at 48 hpf in vagus motor neurons (CN X). Single z-section in lateral view with anterior to the left.	exact
Y	slc10a4_magenta_3dpf_20241002_emb4_lateral_mX_(RGB).tif	lateral	anterior to the left	confocal single section	whole mount	slc10a4_magenta_3dpf_20241002_emb4_lateral_mX_(RGB)	slc10a4 HCR (magenta) and Tg(isl1:GFP-CAAX) (green) at 3 dpf in vagus motor neurons (CN X). Single z-section in lateral view with anterior to the left.	exact
Y	slc10a4_magenta_6dpf_20250206_emb4_ventral_mX_(RGB).tif	ventral	anterior to the top	confocal single section	whole mount	slc10a4_magenta_6dpf_20250206_emb4_ventral_mX_(RGB)	slc10a4 HCR (magenta) and Tg(isl1:GFP-CAAX) (green) at 6 dpf in vagus motor neurons (CN X). Single z-section in ventral view with anterior to the top.	exact
Y	tbx5b_magenta_48h_20250331_emb3_ventral_mX_(RGB).tif	ventral	anterior to the top	confocal single section	whole mount	tbx5b_magenta_48h_20250331_emb3_ventral_mX_(RGB)	tbx5b HCR (magenta) and Tg(isl1:GFP-CAAX) (green) at 48 hpf in posterior vagus motor neurons (CN X). Single z-section in ventral view with anterior to the top.	exact
Y	tbx5b_magenta_48h_20250331_emb1_lateral_mX_(RGB).tif	lateral	anterior to the left	confocal single section	whole mount	tbx5b_magenta_48h_20250331_emb1_lateral_mX_(RGB)	tbx5b HCR (magenta) and Tg(isl1:GFP-CAAX) (green) at 48 hpf in posterior vagus motor neurons (CN X). Single z-section in lateral view with anterior to the left.	exact
Y	tbx5b_magenta_3dpf_20241217_emb1_ventral_mX_(RGB).tif	ventral	anterior to the top	confocal single section	whole mount	tbx5b_magenta_3dpf_20241217_emb1_ventral_mX_(RGB)	tbx5b HCR (magenta) and Tg(isl1:GFP-CAAX) (green) at 3 dpf in posterior vagus motor neurons (CN X). Single z-section in ventral view with anterior to the top.	exact
Y	tbx5b_magenta_6dpf_20250214_emb1_lateral_mX_(RGB).tif	lateral	anterior to the left	confocal single section	whole mount	tbx5b_magenta_6dpf_20250214_emb1_lateral_mX_(RGB)	tbx5b HCR (magenta) and Tg(isl1:GFP-CAAX) (green) at 6 dpf in posterior vagus motor neurons (CN X). Single z-section in lateral view with anterior to the left.	exact
Y	tbx5b_magenta_6dpf_20250509_emb1_mX_dorsal_(RGB).tif	ventral	anterior to the top	confocal single section	whole mount	tbx5b_magenta_6dpf_20250509_emb1_mX_dorsal_(RGB)	tbx5b HCR (magenta) and Tg(isl1:GFP-CAAX) (green) at 6 dpf in posterior vagus motor neurons (CN X). Single z-section in ventral view with anterior to the top.	exact
Y	tmeff2b_magenta_48h_20250821_emb3_mX_ventral_(RGB).tif	ventral	anterior to the top	confocal single section	whole mount	tmeff2b_magenta_48h_20250821_emb3_mX_ventral_(RGB)	tmeff2b HCR (magenta) and Tg(isl1:GFP-CAAX) (green) at 48 hpf in vagus motor neurons (CN X). Single z-section in ventral view with anterior to the top.	exact
Y	tmeff2b_magenta_48h_20250905_emb3_mX_lateral_(RGB).tif	lateral	anterior to the left	confocal single section	whole mount	tmeff2b_magenta_48h_20250905_emb3_mX_lateral_(RGB)	tmeff2b HCR (magenta) and Tg(isl1:GFP-CAAX) (green) at 48 hpf in vagus motor neurons (CN X). Single z-section in lateral view with anterior to the left.	exact
Y	tmeff2b_magenta_3d_20240709_lateral_mX_(RGB).tif	lateral	anterior to the left	confocal single section	whole mount	tmeff2b_magenta_3d_20240709_lateral_mX_(RGB)	tmeff2b HCR (magenta) and Tg(isl1:GFP-CAAX) (green) at 3 dpf in vagus motor neurons (CN X). Single z-section in lateral view with anterior to the left.	exact
Y	tmeff2b_magenta_6dpf_20250929_emb4_mX_ventral_(RGB).tif	ventral	anterior to the top	confocal single section	whole mount	tmeff2b_magenta_6dpf_20250929_emb4_mX_ventral_(RGB)	tmeff2b HCR (magenta) and Tg(isl1:GFP-CAAX) (green) at 6 dpf in vagus motor neurons (CN X). Single z-section in ventral view with anterior to the top.	exact
Y	tmeff2b_magenta_6dpf_20250929_emb1_mX_lateral_(RGB).tif	lateral	anterior to the left	confocal single section	whole mount	tmeff2b_magenta_6dpf_20250929_emb1_mX_lateral_(RGB)	tmeff2b HCR (magenta) and Tg(isl1:GFP-CAAX) (green) at 6 dpf in vagus motor neurons. Single z-section in lateral view with anterior to the left.	exact
Y	trh_magenta_28hpf_20251024_emb3_mV r2_ventral_(RGB).tif	ventral	anterior to the top	confocal single section	whole mount	trh_magenta_28hpf_20251024_emb3_mV r2_ventral_(RGB)	trh HCR (magenta) and Tg(isl1:GFP-CAAX) (green) at 28 hpf in trigeminal motor neurons (CN V) in hindbrain rhomobomere (r)2. Single z-section in ventral view with anterior to the top. Arrows: genu of the facial nerve (CN VII). Asterisks: newly emerging trigeminal motor neurons in rhombomere 3.	exact
Y	vipb_magenta_3d_20240924_emb4_dorsal_mX_2_(RGB).tif	ventral	anterior to the top	confocal single section	whole mount	vipb_magenta_3d_20240924_emb4_dorsal_mX_2_(RGB)	vipb HCR (magenta) and Tg(isl1:GFP-CAAX) (green) at 3 dpf in a subset of medial vagus motor neurons (CN X). Single z-section in ventral view with anterior to the top. Arrows: double-positive neurons. The green channel is overexposed because these medial neurons are only weakly expressing Tg(isl1:GFP-CAAX) (green).	auto-map r=0.99
Y	vipb_magenta_isl1a_cyan_3dpf_emb5_20260113_mX_ventral_(RGB).tif	ventral	anterior to the top	confocal single section	whole mount	vipb_magenta_isl1a_cyan_3dpf_emb5_20260113_mX_ventral_(RGB)	vipb HCR (magenta), isl1a (cyan), and Tg(isl1:GFP-CAAX) (green) at 3 dpf in the vagus motor neurons (CN X). Single z-section in ventral view with anterior to the top. Arrows indicate medial motor neurons (isl1+) that express vipb.	exact
Y	vipb_magenta_6dpf_20241206_emb3_dorsal_mX_(RGB).tif	ventral	anterior to the top	confocal single section	whole mount	vipb_magenta_6dpf_20241206_emb3_dorsal_mX_(RGB)	vipb HCR (magenta) and Tg(isl1:GFP-CAAX) (green) at 6 dpf in a few select medial vagus motor neurons (CN X). Single z-section in ventral view with anterior is to the top.	exact
Y	vwc2l_magenta_26hpf_20241018_emb4_ventral_mVII_(RGB).tif	ventral	anterior to the top	confocal single section	whole mount	vwc2l_magenta_26hpf_20241018_emb4_ventral_mVII_(RGB)	vwc2l HCR (magenta) and Tg(isl1:GFP-CAAX) (green) at 26 hpf in facial motor neurons (CN VII) that have migrated to hindbrain rhombomeres (r)6 and r7. Maximum intensity projection in ventral view with anterior to the top.	exact
Y	MAX_vwc2l_48h_emb1_260505_mX_ventral_(RGB).tif	ventral	anterior to the top	confocal maximum intensity projection	whole mount	MAX_vwc2l_48h_emb1_260505_mX_ventral_(RGB)	vwc2l HCR (magenta) and Tg(isl1:GFP-CAAX) (green) at 48 hpf in glosspharyngeal (CN IX) and anterior vagus motor neurons (CN X). Arrows point to mIX Ventral view with anterior to the top.	exact
N		lateral	anterior to the left	confocal single section	whole mount	20260529_vwc2lmagenta_2dpf_emb1_lateral_mX_single(RGB)	vwc2l HCR (magenta) and Tg(isl1:GFP-CAAX) (green) at 48 hpf in anterior vagus motor neurons (CN X). Lateral view with anterior to the left.	SUPERSEDED - curator confirmed the disk image; loaded via the appended row for vwc2l_magenta_2dpf_20260529_emb1_lateral_mX_(RGB)
Y	zeb2a_magenta_48hpf_20251006_emb3_mX_ventral_(RGB).tif	ventral	anterior to the top	confocal single section	whole mount	zeb2a_magenta_48hpf_20251006_emb3_mX_ventral_(RGB)	zeb2a HCR (magenta) and Tg(isl1:GFP-CAAX) (green) at 48 hpf in vagus motor neurons (CN X). Expression throughout vagal motor nuclei except for the most posterior and most anterior vagal motor neurons. Single z-section in ventral view with anterior to the top.	exact
Y	zeb2a_48hpf_20251006_emb4_mX_lateral_single_(RGB).tif	lateral	anterior to the left	confocal single section	whole mount	zeb2a_48hpf_20251006_emb4_mX_lateral_single_(RGB)	zeb2a HCR (magenta) and Tg(isl1:GFP-CAAX at 48 hpf in vagus motor neurons (CN X). Single z-section in lateral view with anterior to the left.	exact
Y	zeb2a_magenta_3dpf_20250325_emb3_ventral_mX_(RGB).tif	ventral	anterior to the top	confocal single section	whole mount	zeb2a_magenta_3dpf_20250325_emb3_ventral_mX_(RGB)	zeb2a HCR (magenta) and Tg(isl1:GFP-CAAX) (green) at 3 dpf in vagus motor neurons (CN X). Single z-section in ventral view with anterior to the top.	exact
Y	zeb2a_magenta_3dpf_20250326_emb3_lateral_mX_(RGB).tif	ventral	anterior to the top	confocal single section	whole mount	zeb2a_magenta_3dpf_20250326_emb3_lateral_mX_(RGB)	zeb2a HCR (magenta) and Tg(isl1:GFP-CAAX) (green) at 3 dpf in vagus motor neurons (CN X). Single z-section in ventral view with anterior to the top.	exact
Y	zeb2a_magenta_6dpf_20250326_emb2_lateral_flipped_mX_(RGB).tif	lateral	anterior to the left	confocal single section	whole mount	zeb2a_magenta_6dpf_20250326_emb2_lateral_flipped_mX_(RGB)	zeb2a HCR (magenta) and Tg(isl1:GFP-CAAX) (green) at 6 dpf in vagus motor neurons (CN X). Single z-section in lateral view with anterior to the left.	exact
Y	zeb2b_magenta_48h_20250825_emb5_mX_lateral_(RGB).tif	lateral	anterior to the left	confocal single section	whole mount	zeb2b_magenta_48h_20250825_emb5_mX_lateral_(RGB)	zeb2b HCR (magenta) and Tg(isl1:GFP-CAAX) (green) at 48 hpf in vagus motor neurons (CN X). Expression is robust in both the anterior and dorsal vagal motor neurons. Single z-section in lateral view with anterior to the left.	exact
Y	zeb2b_magenta_3dpf_20250502_emb2_mX_ventral_(RGB).tif	ventral	not specified	confocal single section	whole mount	zeb2b_magenta_3dpf_20250502_emb2_mX_ventral_(RGB)	zeb2b HCR (magenta) and Tg(isl1:GFP-CAAX) (green) at 3 dpf in vagus motor neurons (CN X). Single z-section in ventral view with anterior to the top.	exact
Y	zeb2b_magenta_3dpf_20250422_emb3_lateral_twisted_mX_.tif (RGB).tif	lateral	anterior to the left	confocal single section	whole mount	zeb2b_magenta_3dpf_20250422_emb3_lateral_twisted_mX_.tif (RGB)	zeb2b HCR (magenta) and Tg(isl1:GFP-CAAX) (green) at 3 dpf in vagus motor neurons (CN X). Single z-section in lateral view with anterior to the left.	exact
Y	zeb2b_magenta_6dpf_20250515_emb2_vagus_dorsal_(RGB).tif	ventral	not specified	confocal single section	whole mount	zeb2b_magenta_6dpf_20250515_emb2_vagus_dorsal_(RGB)	zeb2b HCR (magenta) and Tg(isl1:GFP-CAAX) (green) at 6 dpf in vagus motor neurons (CN X). Single z-section in ventral view with anterior to the top.	exact
Y	zeb2b_magenta_6dpf_20251016_emb1_mX_lateral_(RGB).tif	lateral	anterior to the left	confocal single section	whole mount	zeb2b_magenta_6dpf_20251016_emb1_mX_lateral_(RGB)	zeb2b HCR (magenta) and Tg(isl1:GFP-CAAX) (green) at 6 dpf in vagus motor neurons (CN X). Single z-section in lateral view with anterior to the left.	exact
Y	MAX_znf385d_magenta_28h_emb4_251209_mVII_best(RGB).tif	ventral	anterior to the top	confocal maximum intensity projection	whole mount	MAX_znf385d_magenta_28h_emb4_251209_mVII_best(RGB)	znf385d HCR (magenta) and Tg(isl1:GFP-CAAX) (green) at 28 hpf in facial motor neurons (CN VII) that have migrated to hindbrain rhombomeres (r)6 and r7. Maximum intensity projection in ventral view with anterior to the top.	exact
Y	znf385d_magenta_48h_emb1_251209_mVII r6_ventral_(RGB).tif	ventral	anterior to the top	confocal single section	whole mount	znf385d_magenta_48h_emb1_251209_mVII r6_ventral_(RGB)	znf385d HCR (magenta) and Tg(isl1:GFP-CAAX) (green) at 48 hpf in facial motor neurons (CN VII) in hindbrain rhombomeres (r)6 and r7. Single z-section in ventral view with anterior to the top.	exact
Y	znf385d_magenta_3dpf_emb3_251209_mVII r7_ventral_(RGB).tif	ventral	anterior to the top	confocal single section	whole mount	znf385d_magenta_3dpf_emb3_251209_mVII r7_ventral_(RGB)	znf385d HCR (magenta) and Tg(isl1:GFP-CAAX) (green) at 3 dpf in facial motor neurons (CN VII) in hindbrain rhombomeres (r)6 and r7. Single z-section in ventral view with anterior to the top.	exact
Y	znf385d_magenta_6dpf_20250204_emb4_ventral_mVII r7_(RGB).tif	ventral	anterior to the top	confocal single section	whole mount	znf385d_magenta_6dpf_20250204_emb4_ventral_mVII r7_(RGB)	znf385d HCR (magenta) and Tg(isl1:GFP-CAAX) (green) at 6 dpf in facial motor neurons (CN VII) in hindbrain rhombomeres (r)6 and r7. Single z-section in ventral view with anterior to the top.	exact
Y	cntn2_magenta_48h_20250815_emb4_mVII r7_ventral_(RGB).tif	ventral	anterior to the top	confocal single section	whole mount	cntn2_magenta_48h_20250815_emb4_mVII r7_ventral_(RGB)	cntn2 HCR (magenta) and Tg(isl1:GFP-CAAX) (green) at 48 hpf in facial motor neurons (CN VII) in hindbrain rhombomere (r)6 and r7. Single z-section in ventral view with anterior to the top.	curator-confirmed 17: use disk image as found
Y	ptgir_magenta_48hpf_20250930_emb2_mV r2_ventral_PMT Light_(RGB).tif	ventral	anterior to the top	confocal single section	whole mount	ptgir_magenta_48hpf_20250930_emb2_mV r2_ventral_PMT Light_(RGB)	ptgir HCR (magenta) and Tg(isl1:GFP-CAAX) (green) at 48 hpf in trigeminal motor neurons (CN V) in hindbrain rhombomere (r)2 but not r3. Single z-section in ventral view with anterior to the top.	curator-confirmed 57: use disk image as found
Y	vwc2l_magenta_2dpf_20260529_emb1_lateral_mX_(RGB).tif	lateral	anterior to the left	confocal single section	whole mount	vwc2l_magenta_2dpf_20260529_emb1_lateral_mX_(RGB)	vwc2l HCR (magenta) and Tg(isl1:GFP-CAAX) (green) at 48 hpf in anterior vagus motor neurons (CN X). Lateral view with anterior to the left.	curator-confirmed 92: use disk image as found
Y	crabp1b_magenta_3dpf_20240920_emb3_ventral_mIX_(RGB).tif	ventral	anterior to the top	confocal single section	whole mount	crabp1b_magenta_3dpf_20240920_emb3_ventral_mIX_(RGB)	crabp1b HCR (magenta) and Tg(isl1:GFP-CAAX) (green) at 3 dpf in glossopharyngeal (CN IX) and/or anterior-most vagus (CN X) motor neurons (arrows). Single z-section in ventral view with anterior to the top.	curator-supplied 29: byte-identical to the unmatched disk file crabp1b_3dpf__20240920_emb3_ventral_mX_single(RGB) - same image, renamed mX -> mIX
Y	mnx2b_cyan_cntn2_magenta_48hpf_emb2_260114_mVII_mVI_ventral_annotated_(RGB).tif	ventral	anterior to the top	confocal single section	whole mount	mnx2b_cyan_cntn2_magenta_48hpf_emb2_260114_mVII_mVI_ventral_annotated_(RGB)	cntn2 HCR (magenta), mnx2b (cyan), and Tg(isl1:GFP-CAAX) (green) at 48 hpf. Mnx2 is expressed in abducens motor neurons in hindbrain rhombomeres (r)5 and 6 (CN VI, arrows). Cntn2 is expressed in a subset of facial motor neurons in r6 (CN VII). Single z-section in ventral view with anterior to the top. Ovals: vagus motor neurons (CN X).	sheet row 19; image supplied 2026-08-10; curator 2026-08-11: cyan file, caption red->cyan, abducens=ZFA:0007132, split mnx2b->abducens r5+r6 / cntn2->facial r6
Y	mnx2b_cyan_cntn2_magenta_3dpf_emb1_251219_mVII_mVI_ventral_annotated_(RGB).tif	ventral	anterior to the top	confocal single section	whole mount	mnx2b_cyan_cntn2_magenta_3dpf_emb1_251219_mVII_mVI_ventral_annotated_(RGB)	cntn2 HCR (magenta), mnx2b (cyan) and Tg(isl1:GFP-CAAX) (green) at 3 dpf in facial (CN VII) and abducens (CN VI; arrows) motor neurons in hindbrain rhombomeres (r)5 and r6. Mnx2 marks CN VI motor neurons, some of which also express cntn2 at this stage. Cntn2 is also expressed strongly in a subset of CNVII neurons. Single z-section in ventral view with anterior to the top. Ovals: vagus motor neurons (CN X).	sheet row 21; image supplied 2026-08-10; curator 2026-08-11: cyan_annotated file, mnx2b gene id added (sheet had cntn2 only), abducens=ZFA:0007132, and cntn2 recorded in abducens as well as facial per "some of which also express cntn2 at this stage"
