sa31409|ZDB-GENE-011101-2|ENSDARG00000090360
sa32718|ZDB-GENE-020402-1|ENSDARG00000011066
sa36185|ZDB-GENE-030131-1232|ENSDARG00000089722
sa42761|ZDB-GENE-030131-1232|ENSDARG00000089722
sa35138|ZDB-GENE-030131-1704|ENSDARG00000091762
sa20074|ZDB-GENE-030131-2519|ENSDARG00000079688
sa35522|ZDB-GENE-030131-2631|ENSDARG00000086970
sa42226|ZDB-GENE-030131-2631|ENSDARG00000086970
sa35519|ZDB-GENE-030131-2631|ENSDARG00000086970
sa42225|ZDB-GENE-030131-2631|ENSDARG00000086970
sa42224|ZDB-GENE-030131-2631|ENSDARG00000086970
sa42223|ZDB-GENE-030131-2631|ENSDARG00000086970
sa41076|ZDB-GENE-030131-2730|ENSDARG00000012764
sa35737|ZDB-GENE-030131-2797|ENSDARG00000006924
sa35738|ZDB-GENE-030131-2797|ENSDARG00000006924
sa32180|ZDB-GENE-030131-4622|ENSDARG00000075118
sa23206|ZDB-GENE-030131-4622|ENSDARG00000075118
sa32181|ZDB-GENE-030131-4622|ENSDARG00000075118
sa36557|ZDB-GENE-030131-4622|ENSDARG00000075118
sa42481|ZDB-GENE-030131-5181|ENSDARG00000087043
sa44337|ZDB-GENE-030131-5326|ENSDARG00000097224
sa31817|ZDB-GENE-030131-6201|ENSDARG00000075433
sa35035|ZDB-GENE-030131-6201|ENSDARG00000075433
sa41789|ZDB-GENE-030131-6201|ENSDARG00000075433
sa35036|ZDB-GENE-030131-6201|ENSDARG00000075433
sa41790|ZDB-GENE-030131-6201|ENSDARG00000075433
sa35034|ZDB-GENE-030131-6201|ENSDARG00000075433
sa42324|ZDB-GENE-030131-6285|ENSDARG00000089181
sa43891|ZDB-GENE-030131-6444|ENSDARG00000089893
sa37576|ZDB-GENE-030131-6444|ENSDARG00000089893
sa43890|ZDB-GENE-030131-6444|ENSDARG00000089893
sa37577|ZDB-GENE-030131-6444|ENSDARG00000089893
sa43557|ZDB-GENE-030131-6997|ENSDARG00000063381
sa37193|ZDB-GENE-030131-6997|ENSDARG00000063381
sa39730|ZDB-GENE-030131-7018|ENSDARG00000069046
sa42777|ZDB-GENE-030131-7036|ENSDARG00000094911
sa42841|ZDB-GENE-030131-7050|ENSDARG00000014717
sa42840|ZDB-GENE-030131-7050|ENSDARG00000014717
sa42839|ZDB-GENE-030131-7050|ENSDARG00000014717
sa30693|ZDB-GENE-030131-7050|ENSDARG00000014717
sa35184|ZDB-GENE-030131-7067|ENSDARG00000079004
sa35185|ZDB-GENE-030131-7067|ENSDARG00000079004
sa44166|ZDB-GENE-030131-7307|ENSDARG00000061481
sa32506|ZDB-GENE-030131-7972|ENSDARG00000090690
sa23319|ZDB-GENE-030131-82|ENSDARG00000062082
sa40906|ZDB-GENE-030131-8542|ENSDARG00000077901
sa34085|ZDB-GENE-030131-8542|ENSDARG00000077901
sa20959|ZDB-GENE-030131-8542|ENSDARG00000077901
sa24418|ZDB-GENE-030131-900|ENSDARG00000043046
sa23478|ZDB-GENE-030131-9414|ENSDARG00000012040
sa31970|ZDB-GENE-030131-9501|ENSDARG00000058941
sa22067|ZDB-GENE-030131-9684|ENSDARG00000040110
sa35243|ZDB-GENE-030131-9684|ENSDARG00000040110
sa41252|ZDB-GENE-030131-9765|ENSDARG00000086060
sa37702|ZDB-GENE-030219-187|ENSDARG00000022727
sa36234|ZDB-GENE-030521-11|ENSDARG00000069995
sa39895|ZDB-GENE-030616-586|ENSDARG00000054343
sa43197|ZDB-GENE-030728-7|ENSDARG00000023692
sa43198|ZDB-GENE-030728-7|ENSDARG00000023692
sa43196|ZDB-GENE-030728-7|ENSDARG00000023692
sa36748|ZDB-GENE-030728-7|ENSDARG00000023692
sa35163|ZDB-GENE-031006-3|ENSDARG00000036402
sa41918|ZDB-GENE-031006-3|ENSDARG00000036402
sa38200|ZDB-GENE-031116-1|ENSDARG00000089453
sa43120|ZDB-GENE-031118-95|ENSDARG00000003795
sa42326|ZDB-GENE-031125-1|ENSDARG00000076562
sa35622|ZDB-GENE-031125-1|ENSDARG00000076562
sa22408|ZDB-GENE-031125-1|ENSDARG00000076562
sa35621|ZDB-GENE-031125-1|ENSDARG00000076562
sa34163|ZDB-GENE-040426-1233|ENSDARG00000052164
sa30707|ZDB-GENE-040426-1371|ENSDARG00000027875
sa42632|ZDB-GENE-040426-1535|ENSDARG00000088083
sa37970|ZDB-GENE-040822-8|ENSDARG00000002255
sa32923|ZDB-GENE-040914-35|ENSDARG00000061725
sa40953|ZDB-GENE-041021-2|ENSDARG00000060071
sa31582|ZDB-GENE-041021-2|ENSDARG00000060071
sa42446|ZDB-GENE-041111-111|ENSDARG00000088248
sa22013|ZDB-GENE-041111-223|ENSDARG00000074229
sa40784|ZDB-GENE-041111-283|ENSDARG00000086724
sa36061|ZDB-GENE-041111-291|ENSDARG00000087439
sa33374|ZDB-GENE-041210-148|ENSDARG00000018770
sa40712|ZDB-GENE-050208-128|ENSDARG00000076416
sa31513|ZDB-GENE-050208-128|ENSDARG00000076416
sa32365|ZDB-GENE-050208-482|ENSDARG00000086744
sa21029|ZDB-GENE-050306-40|ENSDARG00000007244
sa30636|ZDB-GENE-050306-40|ENSDARG00000007244
sa38933|ZDB-GENE-050309-215|ENSDARG00000057473
sa35992|ZDB-GENE-050417-222|ENSDARG00000076073
sa35606|ZDB-GENE-050419-127|ENSDARG00000029805
sa35173|ZDB-GENE-050516-3|ENSDARG00000078548
sa23550|ZDB-GENE-050517-31|ENSDARG00000031795
sa35318|ZDB-GENE-050522-124|ENSDARG00000091768
sa19456|ZDB-GENE-050522-381|ENSDARG00000078854
sa22396|ZDB-GENE-050522-397|ENSDARG00000035763
sa36549|ZDB-GENE-050522-417|ENSDARG00000059349
sa32179|ZDB-GENE-050522-417|ENSDARG00000059349
sa35609|ZDB-GENE-051005-2|ENSDARG00000039778
sa37792|ZDB-GENE-060224-3|ENSDARG00000076412
sa41320|ZDB-GENE-060328-4|ENSDARG00000045204
sa40846|ZDB-GENE-060503-823|ENSDARG00000078845
sa42848|ZDB-GENE-060515-1|ENSDARG00000079942
sa41085|ZDB-GENE-060524-2|ENSDARG00000079675
sa40390|ZDB-GENE-060526-379|ENSDARG00000028857
sa40481|ZDB-GENE-060526-61|ENSDARG00000060631
sa31462|ZDB-GENE-060526-61|ENSDARG00000060631
sa22905|ZDB-GENE-060607-12|ENSDARG00000075133
sa42780|ZDB-GENE-060607-12|ENSDARG00000075133
sa37453|ZDB-GENE-060712-1|ENSDARG00000091538
sa24102|ZDB-GENE-060712-1|ENSDARG00000091538
sa42070|ZDB-GENE-060810-138|ENSDARG00000060868
sa32502|ZDB-GENE-060908-3|ENSDARG00000078758
sa32503|ZDB-GENE-060908-3|ENSDARG00000078758
sa23415|ZDB-GENE-061013-318|ENSDARG00000089878
sa35205|ZDB-GENE-061212-4|ENSDARG00000087921
sa31852|ZDB-GENE-061214-2|ENSDARG00000063435
sa33207|ZDB-GENE-070117-1657|ENSDARG00000090664
sa43733|ZDB-GENE-070122-2|ENSDARG00000088231
sa35467|ZDB-GENE-070323-2|ENSDARG00000056206
sa20967|ZDB-GENE-070426-4|ENSDARG00000074465
sa40912|ZDB-GENE-070426-4|ENSDARG00000074465
sa34089|ZDB-GENE-070426-4|ENSDARG00000074465
sa40913|ZDB-GENE-070426-4|ENSDARG00000074465
sa31844|ZDB-GENE-070604-2|ENSDARG00000074149
sa21952|ZDB-GENE-070604-2|ENSDARG00000074149
sa21954|ZDB-GENE-070604-2|ENSDARG00000074149
sa32636|ZDB-GENE-070619-5|ENSDARG00000034105
sa30582|ZDB-GENE-070619-5|ENSDARG00000034105
sa23200|ZDB-GENE-070620-20|ENSDARG00000076618
sa40511|ZDB-GENE-070705-188|ENSDARG00000009121
sa40248|ZDB-GENE-070705-241|ENSDARG00000087319
sa40249|ZDB-GENE-070705-242|ENSDARG00000058244
sa20233|ZDB-GENE-070705-242|ENSDARG00000058244
sa33532|ZDB-GENE-070705-471|ENSDARG00000067549
sa31415|ZDB-GENE-070705-471|ENSDARG00000067549
sa36020|ZDB-GENE-070712-1|ENSDARG00000077964
sa20755|ZDB-GENE-070718-5|ENSDARG00000017545
sa35602|ZDB-GENE-070801-1|ENSDARG00000059936
sa35603|ZDB-GENE-070801-1|ENSDARG00000059936
sa41175|ZDB-GENE-070801-5|ENSDARG00000074129
sa41174|ZDB-GENE-070801-5|ENSDARG00000074129
sa21122|ZDB-GENE-070817-6|ENSDARG00000013072
sa37428|ZDB-GENE-070912-247|ENSDARG00000079986
sa21434|ZDB-GENE-070912-81|ENSDARG00000042063
sa40444|ZDB-GENE-071120-2|ENSDARG00000030173
sa40445|ZDB-GENE-071120-2|ENSDARG00000030173
sa34033|ZDB-GENE-080213-1|ENSDARG00000022020
sa20893|ZDB-GENE-080213-1|ENSDARG00000022020
sa34032|ZDB-GENE-080213-1|ENSDARG00000022020
sa40859|ZDB-GENE-080213-1|ENSDARG00000022020
sa40858|ZDB-GENE-080213-1|ENSDARG00000022020
sa32469|ZDB-GENE-080225-25|ENSDARG00000043034
sa21967|ZDB-GENE-080229-1|ENSDARG00000007824
sa34247|ZDB-GENE-080416-2|ENSDARG00000076821
sa34248|ZDB-GENE-080416-2|ENSDARG00000076821
sa34246|ZDB-GENE-080416-2|ENSDARG00000076821
sa21150|ZDB-GENE-080416-2|ENSDARG00000076821
sa41742|ZDB-GENE-080708-3|ENSDARG00000041100
sa21349|ZDB-GENE-080917-21|ENSDARG00000053646
sa40856|ZDB-GENE-080917-27|ENSDARG00000057353
sa30627|ZDB-GENE-080917-27|ENSDARG00000057353
sa34027|ZDB-GENE-080917-27|ENSDARG00000057353
sa34026|ZDB-GENE-080917-27|ENSDARG00000057353
sa24521|ZDB-GENE-080917-44|ENSDARG00000077605
sa41765|ZDB-GENE-080926-4|ENSDARG00000003877
sa31812|ZDB-GENE-080926-4|ENSDARG00000003877
sa31811|ZDB-GENE-080926-4|ENSDARG00000003877
sa35009|ZDB-GENE-080926-4|ENSDARG00000003877
sa22492|ZDB-GENE-081027-5|ENSDARG00000037122
sa31988|ZDB-GENE-081027-5|ENSDARG00000037122
sa35702|ZDB-GENE-081027-5|ENSDARG00000037122
sa22498|ZDB-GENE-081027-5|ENSDARG00000037122
sa20354|ZDB-GENE-081104-26|ENSDARG00000058608
sa32685|ZDB-GENE-081104-306|ENSDARG00000037262
sa34507|ZDB-GENE-081104-407|ENSDARG00000036999
sa30908|ZDB-GENE-081104-407|ENSDARG00000036999
sa41303|ZDB-GENE-081104-407|ENSDARG00000036999
sa32486|ZDB-GENE-081222-1|ENSDARG00000001909
sa40577|ZDB-GENE-090218-29|ENSDARG00000035158
sa42294|ZDB-GENE-090508-11|ENSDARG00000076019
sa41917|ZDB-GENE-090512-5|ENSDARG00000060437
sa33205|ZDB-GENE-090527-1|ENSDARG00000060741
sa41836|ZDB-GENE-090601-3|ENSDARG00000031463
sa33740|ZDB-GENE-090615-1|ENSDARG00000088293
sa31586|ZDB-GENE-090615-2|ENSDARG00000078964
sa41577|ZDB-GENE-090706-2|ENSDARG00000063436
sa41879|ZDB-GENE-090708-2|ENSDARG00000061497
sa31841|ZDB-GENE-090708-2|ENSDARG00000061497
sa42145|ZDB-GENE-090827-1|ENSDARG00000028469
sa22106|ZDB-GENE-090828-3|ENSDARG00000077749
sa31924|ZDB-GENE-090828-4|ENSDARG00000077293
sa35468|ZDB-GENE-090828-4|ENSDARG00000077293
sa35419|ZDB-GENE-090902-1|ENSDARG00000062839
sa31905|ZDB-GENE-090902-1|ENSDARG00000062839
sa35418|ZDB-GENE-090902-1|ENSDARG00000062839
sa21147|ZDB-GENE-090908-1|ENSDARG00000086977
sa21146|ZDB-GENE-090908-1|ENSDARG00000086977
sa35755|ZDB-GENE-090908-2|ENSDARG00000077943
sa37771|ZDB-GENE-090908-6|ENSDARG00000089038
sa40043|ZDB-GENE-090915-5|ENSDARG00000078135
sa40872|ZDB-GENE-091005-1|ENSDARG00000088087
sa36752|ZDB-GENE-091112-2|ENSDARG00000077516
sa32227|ZDB-GENE-091112-2|ENSDARG00000077516
sa23411|ZDB-GENE-091112-2|ENSDARG00000077516
sa42350|ZDB-GENE-091113-25|ENSDARG00000059317
sa41841|ZDB-GENE-100208-1|ENSDARG00000089724
sa33293|ZDB-GENE-100210-4|ENSDARG00000074017
sa33292|ZDB-GENE-100210-4|ENSDARG00000074017
sa22175|ZDB-GENE-100212-3|ENSDARG00000060257
sa35031|ZDB-GENE-100215-3|ENSDARG00000063133
sa41786|ZDB-GENE-100215-3|ENSDARG00000063133
sa35999|ZDB-GENE-100217-1|ENSDARG00000090725
sa35194|ZDB-GENE-100308-4|ENSDARG00000010556
sa41942|ZDB-GENE-100308-4|ENSDARG00000010556
sa41943|ZDB-GENE-100308-4|ENSDARG00000010556
sa41941|ZDB-GENE-100308-4|ENSDARG00000010556
sa42359|ZDB-GENE-100316-9|ENSDARG00000074865
sa22433|ZDB-GENE-100316-9|ENSDARG00000074865
sa35648|ZDB-GENE-100316-9|ENSDARG00000074865
sa40990|ZDB-GENE-100319-1|ENSDARG00000079013
sa34164|ZDB-GENE-100319-1|ENSDARG00000079013
sa31590|ZDB-GENE-100319-1|ENSDARG00000079013
sa40987|ZDB-GENE-100319-2|ENSDARG00000015959
sa32624|ZDB-GENE-100414-2|ENSDARG00000056806
sa39571|ZDB-GENE-100414-2|ENSDARG00000056806
sa30581|ZDB-GENE-100414-2|ENSDARG00000056806
sa32625|ZDB-GENE-100414-2|ENSDARG00000056806
sa32623|ZDB-GENE-100414-2|ENSDARG00000056806
sa34172|ZDB-GENE-100422-13|ENSDARG00000059751
sa41001|ZDB-GENE-100422-3|ENSDARG00000077791
sa21055|ZDB-GENE-100422-5|ENSDARG00000076701
sa33375|ZDB-GENE-100422-7|ENSDARG00000075956
sa21078|ZDB-GENE-100426-4|ENSDARG00000076143
sa34185|ZDB-GENE-100426-4|ENSDARG00000076143
sa35347|ZDB-GENE-100430-2|ENSDARG00000060678
sa31891|ZDB-GENE-100430-2|ENSDARG00000060678
sa21939|ZDB-GENE-100609-4|ENSDARG00000056019
sa42097|ZDB-GENE-100624-3|ENSDARG00000090631
sa23471|ZDB-GENE-100701-1|ENSDARG00000035961
sa32782|ZDB-GENE-100707-1|ENSDARG00000030417
sa39705|ZDB-GENE-100707-1|ENSDARG00000030417
sa19614|ZDB-GENE-100707-1|ENSDARG00000030417
sa31236|ZDB-GENE-100707-1|ENSDARG00000030417
sa31966|ZDB-GENE-100721-4|ENSDARG00000059917
sa43015|ZDB-GENE-100806-2|ENSDARG00000006212
sa37568|ZDB-GENE-100811-1|ENSDARG00000033589
sa34774|ZDB-GENE-100812-3|ENSDARG00000057768
sa31017|ZDB-GENE-100922-236|ENSDARG00000089650
sa43017|ZDB-GENE-100922-236|ENSDARG00000089650
sa31007|ZDB-GENE-100922-40|ENSDARG00000074486
sa30691|ZDB-GENE-100922-40|ENSDARG00000074486
sa42778|ZDB-GENE-100922-40|ENSDARG00000074486
sa42779|ZDB-GENE-100922-40|ENSDARG00000074486
sa35642|ZDB-GENE-100930-1|ENSDARG00000079826
sa39539|ZDB-GENE-101001-3|ENSDARG00000063253
sa41847|ZDB-GENE-101005-1|ENSDARG00000075774
sa35095|ZDB-GENE-101005-1|ENSDARG00000075774
sa43692|ZDB-GENE-101006-5|ENSDARG00000032157
sa19527|ZDB-GENE-101007-2|ENSDARG00000075798
sa22464|ZDB-GENE-101007-4|ENSDARG00000062267
sa35679|ZDB-GENE-101007-4|ENSDARG00000062267
sa42386|ZDB-GENE-101007-4|ENSDARG00000062267
sa42387|ZDB-GENE-101007-5|ENSDARG00000078133
sa35681|ZDB-GENE-101007-5|ENSDARG00000078133
sa30882|ZDB-GENE-101019-2|ENSDARG00000007398
sa40838|ZDB-GENE-101019-2|ENSDARG00000007398
sa36521|ZDB-GENE-101111-4|ENSDARG00000091233
sa35094|ZDB-GENE-101112-1|ENSDARG00000056805
sa31834|ZDB-GENE-101112-1|ENSDARG00000056805
sa41912|ZDB-GENE-101112-3|ENSDARG00000074808
sa41910|ZDB-GENE-101112-3|ENSDARG00000074808
sa35763|ZDB-GENE-101117-1|ENSDARG00000087417
sa32759|ZDB-GENE-101220-2|ENSDARG00000075865
sa32760|ZDB-GENE-101220-2|ENSDARG00000075865
sa39679|ZDB-GENE-101220-3|ENSDARG00000076333
sa37180|ZDB-GENE-101230-3|ENSDARG00000023916
sa33705|ZDB-GENE-110125-2|ENSDARG00000074314
sa40552|ZDB-GENE-110125-2|ENSDARG00000074314
sa31475|ZDB-GENE-110125-2|ENSDARG00000074314
sa33704|ZDB-GENE-110125-2|ENSDARG00000074314
sa33706|ZDB-GENE-110125-2|ENSDARG00000074314
sa35100|ZDB-GENE-110131-10|ENSDARG00000075021
sa35099|ZDB-GENE-110131-10|ENSDARG00000075021
sa31836|ZDB-GENE-110131-9|ENSDARG00000006775
sa40117|ZDB-GENE-110208-2|ENSDARG00000094901
sa42365|ZDB-GENE-110208-7|ENSDARG00000076090
sa35382|ZDB-GENE-110210-1|ENSDARG00000044447
sa35383|ZDB-GENE-110210-1|ENSDARG00000044447
sa22186|ZDB-GENE-110210-1|ENSDARG00000044447
sa19815|ZDB-GENE-110222-3|ENSDARG00000068288
sa42866|ZDB-GENE-110228-1|ENSDARG00000058853
sa23583|ZDB-GENE-110606-6|ENSDARG00000061268
sa32483|ZDB-GENE-110614-1|ENSDARG00000074708
sa35067|ZDB-GENE-110621-1|ENSDARG00000074804
sa35068|ZDB-GENE-110621-1|ENSDARG00000074804
sa34803|ZDB-GENE-110622-1|ENSDARG00000079129
sa34259|ZDB-GENE-110623-2|ENSDARG00000078979
sa34117|ZDB-GENE-110623-4|ENSDARG00000051768
sa39954|ZDB-GENE-110719-2|ENSDARG00000018619
sa34060|ZDB-GENE-110726-1|ENSDARG00000013526
sa31569|ZDB-GENE-110726-1|ENSDARG00000013526
sa31570|ZDB-GENE-110726-1|ENSDARG00000013526
sa34058|ZDB-GENE-110726-1|ENSDARG00000013526
sa40882|ZDB-GENE-110726-1|ENSDARG00000013526
sa22830|ZDB-GENE-110825-1|ENSDARG00000012367
sa22829|ZDB-GENE-110825-1|ENSDARG00000012367
sa36082|ZDB-GENE-110914-108|ENSDARG00000053431
sa36081|ZDB-GENE-110914-108|ENSDARG00000053431
sa22820|ZDB-GENE-110919-4|ENSDARG00000059905
sa35724|ZDB-GENE-111012-3|ENSDARG00000002609
sa36015|ZDB-GENE-111027-4|ENSDARG00000062310
sa40965|ZDB-GENE-111104-2|ENSDARG00000008322
sa34895|ZDB-GENE-111109-4|ENSDARG00000088911
sa31934|ZDB-GENE-111116-2|ENSDARG00000017128
sa35511|ZDB-GENE-111116-2|ENSDARG00000017128
sa22322|ZDB-GENE-111116-2|ENSDARG00000017128
sa22321|ZDB-GENE-111116-2|ENSDARG00000017128
sa31933|ZDB-GENE-111116-2|ENSDARG00000017128
sa31888|ZDB-GENE-111117-1|ENSDARG00000088143
sa42124|ZDB-GENE-111118-2|ENSDARG00000063411
sa31437|ZDB-GENE-111212-1|ENSDARG00000087272
sa32621|ZDB-GENE-111215-3|ENSDARG00000009026
sa39568|ZDB-GENE-111215-3|ENSDARG00000009026
sa32620|ZDB-GENE-111215-3|ENSDARG00000009026
sa39569|ZDB-GENE-111215-3|ENSDARG00000009026
sa31198|ZDB-GENE-111215-3|ENSDARG00000009026
sa38197|ZDB-GENE-111215-5|ENSDARG00000018935
sa22368|ZDB-GENE-111223-1|ENSDARG00000078761
sa22369|ZDB-GENE-111223-1|ENSDARG00000078761
sa32262|ZDB-GENE-120214-1|ENSDARG00000077920
sa23599|ZDB-GENE-120214-1|ENSDARG00000077920
sa43345|ZDB-GENE-120214-1|ENSDARG00000077920
sa43728|ZDB-GENE-120215-140|ENSDARG00000075038
sa32364|ZDB-GENE-120215-140|ENSDARG00000075038
sa43184|ZDB-GENE-120215-45|ENSDARG00000076973
sa32061|ZDB-GENE-120221-1|ENSDARG00000025920
sa35986|ZDB-GENE-120221-1|ENSDARG00000025920
sa21292|ZDB-GENE-120221-3|ENSDARG00000091086
sa40967|ZDB-GENE-120228-1|ENSDARG00000068460
sa34131|ZDB-GENE-120228-1|ENSDARG00000068460
sa40966|ZDB-GENE-120228-1|ENSDARG00000068460
sa34067|ZDB-GENE-120328-2|ENSDARG00000036473
sa20940|ZDB-GENE-120328-2|ENSDARG00000036473
sa36283|ZDB-GENE-120402-2|ENSDARG00000063430
sa32115|ZDB-GENE-120402-2|ENSDARG00000063430
sa43192|ZDB-GENE-120404-1|ENSDARG00000059363
sa43193|ZDB-GENE-120404-1|ENSDARG00000059363
sa32114|ZDB-GENE-120405-1|ENSDARG00000091201
sa40893|ZDB-GENE-120411-19|ENSDARG00000056781
sa34070|ZDB-GENE-120411-19|ENSDARG00000056781
sa34069|ZDB-GENE-120411-19|ENSDARG00000056781
sa30631|ZDB-GENE-120411-19|ENSDARG00000056781
sa31821|ZDB-GENE-120411-27|ENSDARG00000070073
sa33891|ZDB-GENE-120424-1|ENSDARG00000090480
sa21701|ZDB-GENE-120502-2|ENSDARG00000086274
sa31774|ZDB-GENE-120502-2|ENSDARG00000086274
sa40851|ZDB-GENE-120502-3|ENSDARG00000073688
sa34024|ZDB-GENE-120502-3|ENSDARG00000073688
sa30884|ZDB-GENE-120502-3|ENSDARG00000073688
sa31554|ZDB-GENE-120502-3|ENSDARG00000073688
sa19904|ZDB-GENE-120508-3|ENSDARG00000091408
sa35124|ZDB-GENE-120521-1|ENSDARG00000076622
sa41882|ZDB-GENE-120521-1|ENSDARG00000076622
sa35125|ZDB-GENE-120521-1|ENSDARG00000076622
sa21259|ZDB-GENE-120613-1|ENSDARG00000015356
sa41315|ZDB-GENE-120626-1|ENSDARG00000079822
sa41316|ZDB-GENE-120626-1|ENSDARG00000079822
sa21402|ZDB-GENE-120626-1|ENSDARG00000079822
sa41317|ZDB-GENE-120626-1|ENSDARG00000079822
sa34526|ZDB-GENE-120626-1|ENSDARG00000079822
sa30911|ZDB-GENE-120626-1|ENSDARG00000079822
sa34527|ZDB-GENE-120626-1|ENSDARG00000079822
sa21960|ZDB-GENE-120628-1|ENSDARG00000079161
sa41893|ZDB-GENE-120628-1|ENSDARG00000079161
sa41897|ZDB-GENE-120628-1|ENSDARG00000079161
sa41894|ZDB-GENE-120628-1|ENSDARG00000079161
sa41896|ZDB-GENE-120628-1|ENSDARG00000079161
sa21962|ZDB-GENE-120628-1|ENSDARG00000079161
sa41895|ZDB-GENE-120628-1|ENSDARG00000079161
sa32220|ZDB-GENE-120720-1|ENSDARG00000087594
sa42689|ZDB-GENE-120724-1|ENSDARG00000090447
sa33078|ZDB-GENE-120727-17|ENSDARG00000074607
sa40355|ZDB-GENE-120727-21|ENSDARG00000078378
sa31413|ZDB-GENE-120727-21|ENSDARG00000078378
sa43003|ZDB-GENE-120727-7|ENSDARG00000037613
sa21925|ZDB-GENE-120813-3|ENSDARG00000077826
sa21935|ZDB-GENE-120813-7|ENSDARG00000091126
sa35105|ZDB-GENE-120814-1|ENSDARG00000088630
sa31838|ZDB-GENE-120814-1|ENSDARG00000088630
sa31839|ZDB-GENE-120814-1|ENSDARG00000088630
sa21933|ZDB-GENE-120814-1|ENSDARG00000088630
sa30949|ZDB-GENE-120814-1|ENSDARG00000088630
sa37773|ZDB-GENE-120919-2|ENSDARG00000088925
sa32031|ZDB-GENE-121017-3|ENSDARG00000030532
sa35876|ZDB-GENE-121017-3|ENSDARG00000030532
sa41774|ZDB-GENE-121024-1|ENSDARG00000077229
sa41773|ZDB-GENE-121024-1|ENSDARG00000077229
sa40942|ZDB-GENE-121030-1|ENSDARG00000069028
sa40842|ZDB-GENE-121030-8|ENSDARG00000027903
sa40844|ZDB-GENE-121030-8|ENSDARG00000027903
sa34013|ZDB-GENE-121030-8|ENSDARG00000027903
sa34012|ZDB-GENE-121030-8|ENSDARG00000027903
sa40843|ZDB-GENE-121030-8|ENSDARG00000027903
sa30633|ZDB-GENE-121101-3|ENSDARG00000090375
sa34091|ZDB-GENE-121101-3|ENSDARG00000090375
sa34107|ZDB-GENE-121106-2|ENSDARG00000079324
sa37145|ZDB-GENE-121114-1|ENSDARG00000087688
sa20924|ZDB-GENE-121120-2|ENSDARG00000075831
sa35712|ZDB-GENE-121129-2|ENSDARG00000087813
sa35122|ZDB-GENE-121212-1|ENSDARG00000078238
sa22034|ZDB-GENE-121214-344|ENSDARG00000079939
sa34011|ZDB-GENE-130103-6|ENSDARG00000079672
sa30883|ZDB-GENE-130103-6|ENSDARG00000079672
sa20866|ZDB-GENE-130103-7|ENSDARG00000039881
sa39742|ZDB-GENE-130116-4|ENSDARG00000075899
sa32822|ZDB-GENE-130116-4|ENSDARG00000075899
sa41089|ZDB-GENE-130129-2|ENSDARG00000088999
sa44173|ZDB-GENE-130206-1|ENSDARG00000076559
sa37934|ZDB-GENE-130206-1|ENSDARG00000076559
sa32510|ZDB-GENE-130208-1|ENSDARG00000063432
sa36556|ZDB-GENE-130226-1|ENSDARG00000078123
sa35128|ZDB-GENE-130409-1|ENSDARG00000075456
sa35127|ZDB-GENE-130409-1|ENSDARG00000075456
sa35126|ZDB-GENE-130409-1|ENSDARG00000075456
sa42843|ZDB-GENE-130410-1|ENSDARG00000027564
sa32466|ZDB-GENE-130415-3|ENSDARG00000076768
sa42348|ZDB-GENE-130425-3|ENSDARG00000071879
sa44368|ZDB-GENE-130522-4|ENSDARG00000016579
sa30828|ZDB-GENE-130530-1006|ENSDARG00000090740
sa39985|ZDB-GENE-130530-1006|ENSDARG00000090740
sa20606|ZDB-GENE-130530-1007|ENSDARG00000090765
sa40618|ZDB-GENE-130530-1007|ENSDARG00000090765
sa36243|ZDB-GENE-130530-1012|ENSDARG00000091020
sa22164|ZDB-GENE-130530-1019|ENSDARG00000091395
sa36691|ZDB-GENE-130530-1021|ENSDARG00000091468
sa24525|ZDB-GENE-130530-1022|ENSDARG00000091489
sa33509|ZDB-GENE-130530-1023|ENSDARG00000091499
sa33508|ZDB-GENE-130530-1023|ENSDARG00000091499
sa30856|ZDB-GENE-130530-1023|ENSDARG00000091499
sa40335|ZDB-GENE-130530-1023|ENSDARG00000091499
sa41100|ZDB-GENE-130530-1029|ENSDARG00000091618
sa43025|ZDB-GENE-130530-1032|ENSDARG00000091766
sa42095|ZDB-GENE-130530-1034|ENSDARG00000092704
sa41090|ZDB-GENE-130530-528|ENSDARG00000003682
sa30896|ZDB-GENE-130530-528|ENSDARG00000003682
sa21158|ZDB-GENE-130530-528|ENSDARG00000003682
sa23197|ZDB-GENE-130530-530|ENSDARG00000005627
sa36006|ZDB-GENE-130530-532|ENSDARG00000006585
sa42635|ZDB-GENE-130530-532|ENSDARG00000006585
sa40046|ZDB-GENE-130530-533|ENSDARG00000007245
sa21832|ZDB-GENE-130530-537|ENSDARG00000009733
sa41759|ZDB-GENE-130530-537|ENSDARG00000009733
sa40626|ZDB-GENE-130530-544|ENSDARG00000012524
sa35542|ZDB-GENE-130530-549|ENSDARG00000014246
sa44058|ZDB-GENE-130530-553|ENSDARG00000015068
sa20861|ZDB-GENE-130530-561|ENSDARG00000017504
sa36299|ZDB-GENE-130530-562|ENSDARG00000018773
sa36300|ZDB-GENE-130530-562|ENSDARG00000018773
sa35707|ZDB-GENE-130530-563|ENSDARG00000019063
sa35704|ZDB-GENE-130530-563|ENSDARG00000019063
sa35706|ZDB-GENE-130530-563|ENSDARG00000019063
sa35705|ZDB-GENE-130530-563|ENSDARG00000019063
sa41855|ZDB-GENE-130530-567|ENSDARG00000022570
sa31837|ZDB-GENE-130530-567|ENSDARG00000022570
sa42339|ZDB-GENE-130530-580|ENSDARG00000031496
sa40557|ZDB-GENE-130530-582|ENSDARG00000032372
sa33712|ZDB-GENE-130530-582|ENSDARG00000032372
sa33713|ZDB-GENE-130530-582|ENSDARG00000032372
sa31476|ZDB-GENE-130530-582|ENSDARG00000032372
sa34129|ZDB-GENE-130530-589|ENSDARG00000036043
sa40962|ZDB-GENE-130530-589|ENSDARG00000036043
sa34038|ZDB-GENE-130530-591|ENSDARG00000036414
sa40865|ZDB-GENE-130530-591|ENSDARG00000036414
sa34040|ZDB-GENE-130530-592|ENSDARG00000036420
sa34041|ZDB-GENE-130530-593|ENSDARG00000036422
sa30626|ZDB-GENE-130530-595|ENSDARG00000036809
sa34021|ZDB-GENE-130530-595|ENSDARG00000036809
sa34141|ZDB-GENE-130530-597|ENSDARG00000037478
sa43536|ZDB-GENE-130530-604|ENSDARG00000039491
sa34841|ZDB-GENE-130530-606|ENSDARG00000040326
sa32410|ZDB-GENE-130530-609|ENSDARG00000040921
sa33772|ZDB-GENE-130530-613|ENSDARG00000041926
sa31490|ZDB-GENE-130530-613|ENSDARG00000041926
sa33773|ZDB-GENE-130530-613|ENSDARG00000041926
sa36293|ZDB-GENE-130530-622|ENSDARG00000043799
sa37371|ZDB-GENE-130530-624|ENSDARG00000044353
sa37344|ZDB-GENE-130530-625|ENSDARG00000044591
sa23973|ZDB-GENE-130530-625|ENSDARG00000044591
sa44182|ZDB-GENE-130530-627|ENSDARG00000045254
sa32814|ZDB-GENE-130530-628|ENSDARG00000045403
sa41045|ZDB-GENE-130530-634|ENSDARG00000051892
sa32737|ZDB-GENE-130530-635|ENSDARG00000051970
sa33978|ZDB-GENE-130530-640|ENSDARG00000052701
sa21004|ZDB-GENE-130530-643|ENSDARG00000053049
sa31810|ZDB-GENE-130530-650|ENSDARG00000055053
sa41764|ZDB-GENE-130530-650|ENSDARG00000055053
sa31066|ZDB-GENE-130530-655|ENSDARG00000055334
sa34219|ZDB-GENE-130530-663|ENSDARG00000056389
sa34218|ZDB-GENE-130530-663|ENSDARG00000056389
sa41862|ZDB-GENE-130530-664|ENSDARG00000056591
sa37681|ZDB-GENE-130530-667|ENSDARG00000056961
sa43959|ZDB-GENE-130530-667|ENSDARG00000056961
sa33649|ZDB-GENE-130530-690|ENSDARG00000060434
sa40489|ZDB-GENE-130530-690|ENSDARG00000060434
sa40488|ZDB-GENE-130530-690|ENSDARG00000060434
sa35007|ZDB-GENE-130530-696|ENSDARG00000060725
sa35008|ZDB-GENE-130530-696|ENSDARG00000060725
sa41763|ZDB-GENE-130530-696|ENSDARG00000060725
sa34282|ZDB-GENE-130530-697|ENSDARG00000060766
sa20915|ZDB-GENE-130530-702|ENSDARG00000061611
sa43852|ZDB-GENE-130530-706|ENSDARG00000062343
sa41844|ZDB-GENE-130530-730|ENSDARG00000070513
sa32595|ZDB-GENE-130530-749|ENSDARG00000074282
sa32594|ZDB-GENE-130530-749|ENSDARG00000074282
sa22469|ZDB-GENE-130530-757|ENSDARG00000074582
sa42315|ZDB-GENE-130530-758|ENSDARG00000074585
sa36010|ZDB-GENE-130530-760|ENSDARG00000074646
sa32003|ZDB-GENE-130530-761|ENSDARG00000074684
sa35399|ZDB-GENE-130530-763|ENSDARG00000074745
sa31901|ZDB-GENE-130530-763|ENSDARG00000074745
sa33079|ZDB-GENE-130530-764|ENSDARG00000074748
sa32627|ZDB-GENE-130530-765|ENSDARG00000074867
sa39573|ZDB-GENE-130530-765|ENSDARG00000074867
sa37802|ZDB-GENE-130530-766|ENSDARG00000074991
sa31898|ZDB-GENE-130530-774|ENSDARG00000075408
sa43864|ZDB-GENE-130530-776|ENSDARG00000075510
sa30931|ZDB-GENE-130530-780|ENSDARG00000075802
sa41580|ZDB-GENE-130530-780|ENSDARG00000075802
sa34817|ZDB-GENE-130530-780|ENSDARG00000075802
sa40884|ZDB-GENE-130530-788|ENSDARG00000075906
sa22466|ZDB-GENE-130530-796|ENSDARG00000076230
sa33524|ZDB-GENE-130530-797|ENSDARG00000076268
sa40354|ZDB-GENE-130530-797|ENSDARG00000076268
sa42696|ZDB-GENE-130530-800|ENSDARG00000076383
sa36092|ZDB-GENE-130530-800|ENSDARG00000076383
sa22251|ZDB-GENE-130530-804|ENSDARG00000076565
sa42538|ZDB-GENE-130530-807|ENSDARG00000076650
sa39787|ZDB-GENE-130530-808|ENSDARG00000076665
sa32863|ZDB-GENE-130530-808|ENSDARG00000076665
sa21289|ZDB-GENE-130530-814|ENSDARG00000076920
sa34400|ZDB-GENE-130530-814|ENSDARG00000076920
sa41848|ZDB-GENE-130530-815|ENSDARG00000076952
sa30720|ZDB-GENE-130530-822|ENSDARG00000077221
sa31584|ZDB-GENE-130530-825|ENSDARG00000077465
sa31585|ZDB-GENE-130530-825|ENSDARG00000077465
sa21038|ZDB-GENE-130530-825|ENSDARG00000077465
sa27082|ZDB-GENE-130530-826|ENSDARG00000077494
sa41067|ZDB-GENE-130530-826|ENSDARG00000077494
sa36501|ZDB-GENE-130530-832|ENSDARG00000077805
sa42989|ZDB-GENE-130530-832|ENSDARG00000077805
sa23163|ZDB-GENE-130530-832|ENSDARG00000077805
sa32173|ZDB-GENE-130530-832|ENSDARG00000077805
sa19646|ZDB-GENE-130530-833|ENSDARG00000077839
sa39736|ZDB-GENE-130530-833|ENSDARG00000077839
sa35747|ZDB-GENE-130530-838|ENSDARG00000077912
sa35746|ZDB-GENE-130530-838|ENSDARG00000077912
sa40994|ZDB-GENE-130530-842|ENSDARG00000078088
sa40992|ZDB-GENE-130530-842|ENSDARG00000078088
sa34166|ZDB-GENE-130530-842|ENSDARG00000078088
sa34165|ZDB-GENE-130530-842|ENSDARG00000078088
sa40993|ZDB-GENE-130530-842|ENSDARG00000078088
sa40274|ZDB-GENE-130530-845|ENSDARG00000078192
sa40611|ZDB-GENE-130530-847|ENSDARG00000078302
sa37550|ZDB-GENE-130530-848|ENSDARG00000078349
sa33527|ZDB-GENE-130530-849|ENSDARG00000078362
sa37601|ZDB-GENE-130530-850|ENSDARG00000078369
sa35379|ZDB-GENE-130530-852|ENSDARG00000078494
sa34051|ZDB-GENE-130530-855|ENSDARG00000078731
sa33962|ZDB-GENE-130530-873|ENSDARG00000079491
sa24499|ZDB-GENE-130530-883|ENSDARG00000086161
sa22944|ZDB-GENE-130530-884|ENSDARG00000086196
sa21030|ZDB-GENE-130530-900|ENSDARG00000086905
sa22205|ZDB-GENE-130530-907|ENSDARG00000087227
sa35408|ZDB-GENE-130530-907|ENSDARG00000087227
sa20774|ZDB-GENE-130530-908|ENSDARG00000087237
sa40871|ZDB-GENE-130530-910|ENSDARG00000087352
sa40870|ZDB-GENE-130530-910|ENSDARG00000087352
sa34048|ZDB-GENE-130530-910|ENSDARG00000087352
sa33168|ZDB-GENE-130530-915|ENSDARG00000087575
sa33455|ZDB-GENE-130530-920|ENSDARG00000087940
sa43542|ZDB-GENE-130530-923|ENSDARG00000088117
sa23819|ZDB-GENE-130530-923|ENSDARG00000088117
sa37582|ZDB-GENE-130530-929|ENSDARG00000088261
sa35432|ZDB-GENE-130530-934|ENSDARG00000088329
sa37979|ZDB-GENE-130530-935|ENSDARG00000088397
sa31561|ZDB-GENE-130530-938|ENSDARG00000088656
sa41555|ZDB-GENE-130530-939|ENSDARG00000088672
sa31751|ZDB-GENE-130530-939|ENSDARG00000088672
sa34784|ZDB-GENE-130530-939|ENSDARG00000088672
sa40281|ZDB-GENE-130530-941|ENSDARG00000088733
sa42473|ZDB-GENE-130530-944|ENSDARG00000088879
sa24421|ZDB-GENE-130530-949|ENSDARG00000089035
sa31410|ZDB-GENE-130530-950|ENSDARG00000089046
sa34184|ZDB-GENE-130530-951|ENSDARG00000089066
sa31596|ZDB-GENE-130530-951|ENSDARG00000089066
sa24666|ZDB-GENE-130530-955|ENSDARG00000089153
sa21607|ZDB-GENE-130530-956|ENSDARG00000089190
sa34105|ZDB-GENE-130530-958|ENSDARG00000089236
sa34106|ZDB-GENE-130530-958|ENSDARG00000089236
sa31957|ZDB-GENE-130530-959|ENSDARG00000089257
sa35565|ZDB-GENE-130530-959|ENSDARG00000089257
sa42594|ZDB-GENE-130530-961|ENSDARG00000089309
sa24097|ZDB-GENE-130530-963|ENSDARG00000089433
sa32489|ZDB-GENE-130530-976|ENSDARG00000089734
sa35427|ZDB-GENE-130530-980|ENSDARG00000089850
sa33521|ZDB-GENE-130530-981|ENSDARG00000089856
sa23222|ZDB-GENE-130530-986|ENSDARG00000090089
sa43892|ZDB-GENE-130530-990|ENSDARG00000090144
sa24504|ZDB-GENE-130530-994|ENSDARG00000090346
sa40060|ZDB-GENE-130530-997|ENSDARG00000090449
sa20000|ZDB-GENE-130530-997|ENSDARG00000090449
sa40947|ZDB-GENE-130925-1|ENSDARG00000077546
sa34240|ZDB-GENE-131003-2|ENSDARG00000073673
sa34241|ZDB-GENE-131003-2|ENSDARG00000073673
sa35400|ZDB-GENE-131029-2|ENSDARG00000079957
sa34284|ZDB-GENE-131030-2|ENSDARG00000088825
sa22627|ZDB-GENE-131118-22|ENSDARG00000095315
sa19943|ZDB-GENE-131121-536|ENSDARG00000071105
sa44418|ZDB-GENE-131126-29|ENSDARG00000075148
sa44419|ZDB-GENE-131126-29|ENSDARG00000075148
sa30939|ZDB-GENE-131217-1|ENSDARG00000070507
sa32237|ZDB-GENE-131219-1|ENSDARG00000036713
sa24813|ZDB-GENE-140106-1|ENSDARG00000008350
sa44167|ZDB-GENE-140106-101|ENSDARG00000071488
sa21940|ZDB-GENE-140106-102|ENSDARG00000073802
sa38213|ZDB-GENE-140106-103|ENSDARG00000073938
sa44425|ZDB-GENE-140106-103|ENSDARG00000073938
sa38212|ZDB-GENE-140106-103|ENSDARG00000073938
sa36235|ZDB-GENE-140106-104|ENSDARG00000073952
sa39675|ZDB-GENE-140106-105|ENSDARG00000073976
sa39673|ZDB-GENE-140106-105|ENSDARG00000073976
sa39674|ZDB-GENE-140106-105|ENSDARG00000073976
sa32222|ZDB-GENE-140106-106|ENSDARG00000074258
sa24771|ZDB-GENE-140106-11|ENSDARG00000019669
sa34227|ZDB-GENE-140106-110|ENSDARG00000074782
sa44421|ZDB-GENE-140106-111|ENSDARG00000074856
sa43616|ZDB-GENE-140106-117|ENSDARG00000075699
sa43617|ZDB-GENE-140106-117|ENSDARG00000075699
sa21904|ZDB-GENE-140106-118|ENSDARG00000075745
sa44274|ZDB-GENE-140106-120|ENSDARG00000076191
sa32370|ZDB-GENE-140106-121|ENSDARG00000076358
sa40845|ZDB-GENE-140106-122|ENSDARG00000076449
sa22438|ZDB-GENE-140106-126|ENSDARG00000076594
sa42363|ZDB-GENE-140106-126|ENSDARG00000076594
sa37801|ZDB-GENE-140106-134|ENSDARG00000077251
sa43767|ZDB-GENE-140106-135|ENSDARG00000077415
sa37762|ZDB-GENE-140106-137|ENSDARG00000077437
sa37760|ZDB-GENE-140106-137|ENSDARG00000077437
sa37761|ZDB-GENE-140106-137|ENSDARG00000077437
sa21889|ZDB-GENE-140106-138|ENSDARG00000077508
sa38206|ZDB-GENE-140106-139|ENSDARG00000077514
sa44417|ZDB-GENE-140106-139|ENSDARG00000077514
sa35075|ZDB-GENE-140106-14|ENSDARG00000020328
sa41826|ZDB-GENE-140106-14|ENSDARG00000020328
sa41825|ZDB-GENE-140106-14|ENSDARG00000020328
sa35076|ZDB-GENE-140106-14|ENSDARG00000020328
sa41827|ZDB-GENE-140106-14|ENSDARG00000020328
sa21050|ZDB-GENE-140106-140|ENSDARG00000077570
sa34156|ZDB-GENE-140106-140|ENSDARG00000077570
sa34157|ZDB-GENE-140106-140|ENSDARG00000077570
sa30891|ZDB-GENE-140106-140|ENSDARG00000077570
sa32629|ZDB-GENE-140106-144|ENSDARG00000077804
sa20701|ZDB-GENE-140106-148|ENSDARG00000078081
sa39789|ZDB-GENE-140106-150|ENSDARG00000078237
sa32729|ZDB-GENE-140106-162|ENSDARG00000079277
sa19547|ZDB-GENE-140106-162|ENSDARG00000079277
sa31571|ZDB-GENE-140106-164|ENSDARG00000079313
sa35629|ZDB-GENE-140106-165|ENSDARG00000079382
sa31562|ZDB-GENE-140106-166|ENSDARG00000079463
sa34035|ZDB-GENE-140106-166|ENSDARG00000079463
sa31563|ZDB-GENE-140106-166|ENSDARG00000079463
sa31030|ZDB-GENE-140106-172|ENSDARG00000079899
sa43206|ZDB-GENE-140106-172|ENSDARG00000079899
sa42356|ZDB-GENE-140106-18|ENSDARG00000029296
sa35647|ZDB-GENE-140106-18|ENSDARG00000029296
sa34537|ZDB-GENE-140106-185|ENSDARG00000086721
sa34538|ZDB-GENE-140106-185|ENSDARG00000086721
sa41327|ZDB-GENE-140106-185|ENSDARG00000086721
sa41326|ZDB-GENE-140106-185|ENSDARG00000086721
sa37417|ZDB-GENE-140106-186|ENSDARG00000086776
sa39986|ZDB-GENE-140106-188|ENSDARG00000086831
sa39987|ZDB-GENE-140106-188|ENSDARG00000086831
sa28541|ZDB-GENE-140106-189|ENSDARG00000086864
sa40830|ZDB-GENE-140106-19|ENSDARG00000029838
sa32562|ZDB-GENE-140106-191|ENSDARG00000086898
sa41915|ZDB-GENE-140106-2|ENSDARG00000008473
sa35754|ZDB-GENE-140106-201|ENSDARG00000087994
sa34226|ZDB-GENE-140106-204|ENSDARG00000088112
sa20122|ZDB-GENE-140106-205|ENSDARG00000088125
sa44149|ZDB-GENE-140106-206|ENSDARG00000088137
sa36891|ZDB-GENE-140106-207|ENSDARG00000088161
sa36892|ZDB-GENE-140106-207|ENSDARG00000088161
sa43330|ZDB-GENE-140106-207|ENSDARG00000088161
sa31987|ZDB-GENE-140106-21|ENSDARG00000033556
sa42697|ZDB-GENE-140106-215|ENSDARG00000088608
sa22802|ZDB-GENE-140106-215|ENSDARG00000088608
sa34671|ZDB-GENE-140106-217|ENSDARG00000088751
sa34798|ZDB-GENE-140106-223|ENSDARG00000088928
sa38185|ZDB-GENE-140106-225|ENSDARG00000089100
sa24030|ZDB-GENE-140106-228|ENSDARG00000089216
sa19916|ZDB-GENE-140106-230|ENSDARG00000089348
sa20156|ZDB-GENE-140106-235|ENSDARG00000089423
sa40182|ZDB-GENE-140106-235|ENSDARG00000089423
sa32564|ZDB-GENE-140106-236|ENSDARG00000089436
sa38215|ZDB-GENE-140106-236|ENSDARG00000089436
sa39669|ZDB-GENE-140106-237|ENSDARG00000089439
sa41342|ZDB-GENE-140106-239|ENSDARG00000089532
sa31698|ZDB-GENE-140106-239|ENSDARG00000089532
sa41341|ZDB-GENE-140106-239|ENSDARG00000089532
sa38183|ZDB-GENE-140106-242|ENSDARG00000089577
sa31626|ZDB-GENE-140106-246|ENSDARG00000089798
sa34273|ZDB-GENE-140106-246|ENSDARG00000089798
sa31560|ZDB-GENE-140106-25|ENSDARG00000036575
sa34034|ZDB-GENE-140106-25|ENSDARG00000036575
sa35406|ZDB-GENE-140106-251|ENSDARG00000090054
sa34149|ZDB-GENE-140106-257|ENSDARG00000090618
sa31588|ZDB-GENE-140106-257|ENSDARG00000090618
sa40980|ZDB-GENE-140106-257|ENSDARG00000090618
sa42712|ZDB-GENE-140106-258|ENSDARG00000090758
sa36529|ZDB-GENE-140106-259|ENSDARG00000090858
sa34808|ZDB-GENE-140106-261|ENSDARG00000090886
sa34807|ZDB-GENE-140106-261|ENSDARG00000090886
sa33284|ZDB-GENE-140106-270|ENSDARG00000091498
sa33283|ZDB-GENE-140106-270|ENSDARG00000091498
sa40140|ZDB-GENE-140106-270|ENSDARG00000091498
sa36154|ZDB-GENE-140106-276|ENSDARG00000092407
sa43754|ZDB-GENE-140106-281|ENSDARG00000094479
sa41081|ZDB-GENE-140106-32|ENSDARG00000038532
sa32274|ZDB-GENE-140106-34|ENSDARG00000039665
sa33518|ZDB-GENE-140106-38|ENSDARG00000042090
sa43326|ZDB-GENE-140106-41|ENSDARG00000044212
sa23575|ZDB-GENE-140106-41|ENSDARG00000044212
sa43327|ZDB-GENE-140106-41|ENSDARG00000044212
sa36888|ZDB-GENE-140106-41|ENSDARG00000044212
sa36887|ZDB-GENE-140106-41|ENSDARG00000044212
sa36886|ZDB-GENE-140106-41|ENSDARG00000044212
sa43325|ZDB-GENE-140106-41|ENSDARG00000044212
sa32251|ZDB-GENE-140106-41|ENSDARG00000044212
sa43324|ZDB-GENE-140106-41|ENSDARG00000044212
sa31248|ZDB-GENE-140106-42|ENSDARG00000044670
sa44096|ZDB-GENE-140106-43|ENSDARG00000045423
sa24389|ZDB-GENE-140106-44|ENSDARG00000046139
sa31598|ZDB-GENE-140106-45|ENSDARG00000052074
sa30860|ZDB-GENE-140106-58|ENSDARG00000056156
sa20439|ZDB-GENE-140106-58|ENSDARG00000056156
sa40447|ZDB-GENE-140106-58|ENSDARG00000056156
sa36102|ZDB-GENE-140106-59|ENSDARG00000056339
sa32149|ZDB-GENE-140106-62|ENSDARG00000056652
sa36392|ZDB-GENE-140106-62|ENSDARG00000056652
sa40819|ZDB-GENE-140106-68|ENSDARG00000059741
sa40979|ZDB-GENE-140106-69|ENSDARG00000059950
sa38182|ZDB-GENE-140106-7|ENSDARG00000014022
sa24801|ZDB-GENE-140106-7|ENSDARG00000014022
sa37958|ZDB-GENE-140106-70|ENSDARG00000060600
sa44189|ZDB-GENE-140106-70|ENSDARG00000060600
sa44369|ZDB-GENE-140106-74|ENSDARG00000060754
sa32549|ZDB-GENE-140106-74|ENSDARG00000060754
sa44174|ZDB-GENE-140106-77|ENSDARG00000061832
sa32494|ZDB-GENE-140106-77|ENSDARG00000061832
sa34043|ZDB-GENE-140106-78|ENSDARG00000061850
sa34042|ZDB-GENE-140106-78|ENSDARG00000061850
sa34996|ZDB-GENE-140106-84|ENSDARG00000063527
sa41743|ZDB-GENE-140106-84|ENSDARG00000063527
sa19681|ZDB-GENE-140106-87|ENSDARG00000067814
sa34143|ZDB-GENE-140106-90|ENSDARG00000068562
sa20901|ZDB-GENE-140106-91|ENSDARG00000069331
sa40864|ZDB-GENE-140106-91|ENSDARG00000069331
sa21947|ZDB-GENE-140106-96|ENSDARG00000070366
sa40139|ZDB-GENE-140107-1|ENSDARG00000074992
sa30936|ZDB-GENE-140205-1|ENSDARG00000087961
sa21630|ZDB-GENE-140714-1|ENSDARG00000079713
sa21838|ZDB-GENE-141014-1|ENSDARG00000029474
sa41768|ZDB-GENE-141014-1|ENSDARG00000029474
sa23606|ZDB-GENE-141210-15|ENSDARG00000042580
sa24734|ZDB-GENE-141211-38|ENSDARG00000076520
sa42347|ZDB-GENE-141211-43|ENSDARG00000058386
sa34778|ZDB-GENE-141211-51|ENSDARG00000078762
sa44295|ZDB-GENE-141211-6|ENSDARG00000073769
sa40201|ZDB-GENE-141212-224|ENSDARG00000053709
sa36183|ZDB-GENE-141212-231|ENSDARG00000091573
sa33355|ZDB-GENE-141212-261|ENSDARG00000079143
sa43374|ZDB-GENE-141212-269|ENSDARG00000088444
sa37777|ZDB-GENE-141212-275|ENSDARG00000054846
sa35017|ZDB-GENE-141215-13|ENSDARG00000055093
sa21845|ZDB-GENE-141215-13|ENSDARG00000055093
sa35404|ZDB-GENE-141215-32|ENSDARG00000031278
sa41772|ZDB-GENE-141215-56|ENSDARG00000089646
sa41904|ZDB-GENE-141215-69|ENSDARG00000090973
sa35150|ZDB-GENE-141215-69|ENSDARG00000090973
sa22445|ZDB-GENE-141215-7|ENSDARG00000076332
sa21852|ZDB-GENE-141216-101|ENSDARG00000001712
sa37860|ZDB-GENE-141219-27|ENSDARG00000089205
sa40614|ZDB-GENE-150224-1|ENSDARG00000059455
sa32574|ZDB-GENE-990415-185|ENSDARG00000043682
sa32573|ZDB-GENE-990415-185|ENSDARG00000043682
sa41908|ZDB-GENE-990415-201|ENSDARG00000091353
sa35152|ZDB-GENE-990415-201|ENSDARG00000091353
